{
	"credit": "Made with Blockbench",
	"textures": {
		"0": "block/color/cannon_planks",
		"1": "block/color/cannon_side",
		"particle": "cannon_planks"
	},
	"elements": [
		{
			"from": [7, 3.9, 21],
			"to": [9, 5.7, 22.6],
			"rotation": {"angle": 0, "axis": "x", "origin": [7, 3.6, 23.5]},
			"faces": {
				"north": {"uv": [14, 14, 16, 15.8], "rotation": 180, "texture": "#0"},
				"east": {"uv": [14, 14.4, 15.8, 16], "rotation": 90, "texture": "#0"},
				"south": {"uv": [14, 14, 16, 15.8], "texture": "#0"},
				"west": {"uv": [11, 14, 12.8, 15.6], "rotation": 270, "texture": "#0"},
				"up": {"uv": [14, 14, 16, 15.6], "texture": "#0"},
				"down": {"uv": [14, 14.4, 16, 16], "rotation": 180, "texture": "#0"}
			}
		},
		{
			"from": [7.01, 5, 15.2],
			"to": [8.99, 7, 21.2],
			"rotation": {"angle": 22.5, "axis": "x", "origin": [7, 5, 18.2]},
			"faces": {
				"north": {"uv": [0, 0, 2, 2], "texture": "#missing"},
				"east": {"uv": [10, 14, 16, 16], "texture": "#0"},
				"south": {"uv": [2, 12, 4, 14], "texture": "#0"},
				"west": {"uv": [10, 14, 16, 16], "texture": "#0"},
				"up": {"uv": [14, 6, 16, 12], "texture": "#0"},
				"down": {"uv": [14, 10, 16, 16], "texture": "#0"}
			}
		},
		{
			"from": [7, 7.3, -9.7],
			"to": [9, 8.3, 14],
			"rotation": {"angle": 0, "axis": "y", "origin": [7, 5.3, 16]},
			"faces": {
				"north": {"uv": [0, 0, 2, 1], "texture": "#1"},
				"east": {"uv": [0, 0, 16, 1], "texture": "#1"},
				"south": {"uv": [0, 0, 2, 1], "texture": "#1"},
				"west": {"uv": [0, 0, 16, 1], "texture": "#1"},
				"up": {"uv": [3, 0, 5, 16], "texture": "#1"},
				"down": {"uv": [0, 0, 2, 16], "texture": "#1"}
			}
		},
		{
			"from": [7, 5.3, 2.4],
			"to": [9, 7.3, 17.4],
			"rotation": {"angle": 0, "axis": "y", "origin": [7, 5.3, 15.4]},
			"faces": {
				"north": {"uv": [14, 14, 16, 16], "texture": "#0"},
				"east": {"uv": [0, 6, 15, 8], "texture": "#0"},
				"south": {"uv": [14, 14, 16, 16], "texture": "#0"},
				"west": {"uv": [0, 14, 15, 16], "texture": "#0"},
				"up": {"uv": [13, 1, 15, 16], "texture": "#0"},
				"down": {"uv": [14, 0, 16, 15], "texture": "#0"}
			}
		},
		{
			"from": [7.01, 7, 14],
			"to": [9, 8, 16.3],
			"rotation": {"angle": 0, "axis": "y", "origin": [7, 6, 14]},
			"faces": {
				"north": {"uv": [0, 0, 2, 1], "texture": "#missing"},
				"east": {"uv": [9, 13, 11.3, 14], "texture": "#0"},
				"south": {"uv": [6, 12, 8, 13], "texture": "#0"},
				"west": {"uv": [9, 5, 11.3, 6], "texture": "#0"},
				"up": {"uv": [14, 0, 16, 2.3], "texture": "#0"},
				"down": {"uv": [0, 0, 2, 2.3], "texture": "#missing"}
			}
		},
		{
			"from": [7.6, 7.4, -10.6],
			"to": [8.4, 8.19, -9.4],
			"rotation": {"angle": 0, "axis": "y", "origin": [7.5, 7.2, -10.3]},
			"faces": {
				"north": {"uv": [13, 13, 13.8, 13.79], "texture": "#1"},
				"east": {"uv": [13.2, 10.21, 14, 11], "texture": "#1"},
				"south": {"uv": [0, 0, 0.8, 0.79], "texture": "#missing"},
				"west": {"uv": [12.2, 4.21, 13, 5], "texture": "#1"},
				"up": {"uv": [14.2, 3.2, 15, 4], "texture": "#1"},
				"down": {"uv": [15, 15.2, 15.8, 16], "texture": "#1"}
			}
		},
		{
			"from": [7, 5.9, -9.4],
			"to": [9, 7.3, 2.4],
			"rotation": {"angle": 0, "axis": "y", "origin": [7, 5.3, 4]},
			"faces": {
				"north": {"uv": [14, 14, 16, 15.4], "texture": "#0"},
				"east": {"uv": [0, 14, 12.1, 15.4], "texture": "#0"},
				"south": {"uv": [0, 0, 2, 1.4], "texture": "#missing"},
				"west": {"uv": [0, 14.6, 12.1, 16], "texture": "#0"},
				"up": {"uv": [0, 0, 2, 12.1], "texture": "#missing"},
				"down": {"uv": [14, 3, 16, 15.1], "texture": "#0"}
			}
		},
		{
			"from": [7.5, 4.1, 16.5],
			"to": [8.5, 5.7, 17],
			"rotation": {"angle": 0, "axis": "y", "origin": [7, 4.4, 15]},
			"faces": {
				"north": {"uv": [0, 0, 1, 1.6], "texture": "#1"},
				"east": {"uv": [0, 0, 0.5, 1.6], "texture": "#1"},
				"south": {"uv": [0, 0, 1, 1.6], "texture": "#1"},
				"west": {"uv": [0, 0, 0.5, 1.6], "texture": "#1"},
				"up": {"uv": [0, 0, 1, 0.5], "texture": "#missing"},
				"down": {"uv": [0, 0, 1, 0.5], "texture": "#1"}
			}
		},
		{
			"from": [7.5, 4, 16.7],
			"to": [8.5, 4.5, 18.4],
			"rotation": {"angle": 0, "axis": "x", "origin": [7, 2.5, 18]},
			"faces": {
				"north": {"uv": [0, 0, 1, 0.5], "rotation": 180, "texture": "#1"},
				"east": {"uv": [0, 0, 0.5, 1.7], "rotation": 90, "texture": "#1"},
				"south": {"uv": [0, 0, 1, 0.5], "texture": "#1"},
				"west": {"uv": [0, 0, 0.5, 1.7], "rotation": 270, "texture": "#1"},
				"up": {"uv": [0, 0, 1, 1.7], "texture": "#1"},
				"down": {"uv": [0, 0, 1, 1.7], "rotation": 180, "texture": "#1"}
			}
		},
		{
			"from": [7.5, 4.3, 18.9],
			"to": [8.5, 4.8, 20.2],
			"rotation": {"angle": -22.5, "axis": "x", "origin": [7, 2.8, 19.2]},
			"faces": {
				"north": {"uv": [0, 0, 1, 0.5], "rotation": 180, "texture": "#1"},
				"east": {"uv": [0, 0, 0.5, 1.3], "rotation": 90, "texture": "#1"},
				"south": {"uv": [0, 0, 1, 0.5], "texture": "#1"},
				"west": {"uv": [0, 0, 0.5, 1.3], "rotation": 270, "texture": "#1"},
				"up": {"uv": [0, 0, 1, 1.3], "texture": "#1"},
				"down": {"uv": [0, 0, 1, 1.3], "rotation": 180, "texture": "#1"}
			}
		},
		{
			"from": [7.8, 4.6, 17.7],
			"to": [8.2, 5.5, 18],
			"rotation": {"angle": 0, "axis": "y", "origin": [7, 4, 17]},
			"faces": {
				"north": {"uv": [0, 0, 0.4, 0.9], "texture": "#0"},
				"east": {"uv": [0, 0, 0.3, 0.9], "texture": "#0"},
				"south": {"uv": [0, 0, 0.4, 0.9], "texture": "#0"},
				"west": {"uv": [0, 0, 0.3, 0.9], "texture": "#0"},
				"up": {"uv": [0, 0, 0.4, 0.3], "texture": "#missing"},
				"down": {"uv": [0, 0, 0.4, 0.3], "texture": "#0"}
			}
		},
		{
			"from": [7.5, 7, 13.2],
			"to": [8.499, 8.6, 13.7],
			"rotation": {"angle": 0, "axis": "x", "origin": [6, 7.3, 12.2]},
			"faces": {
				"north": {"uv": [0, 0, 0.999, 1.6], "texture": "#1"},
				"east": {"uv": [0, 0, 0.5, 1.6], "texture": "#1"},
				"south": {"uv": [0, 0, 0.999, 1.6], "texture": "#1"},
				"west": {"uv": [0, 0, 0.5, 1.6], "texture": "#1"},
				"up": {"uv": [0, 0, 0.999, 0.5], "texture": "#1"},
				"down": {"uv": [0, 0, 0.999, 0.5], "texture": "#missing"}
			}
		},
		{
			"from": [7.5, 8.6, 13.2],
			"to": [7.799, 8.9, 13.7],
			"rotation": {"angle": 0, "axis": "y", "origin": [6, 7.6, 12.2]},
			"faces": {
				"north": {"uv": [0, 0, 0.299, 0.3], "texture": "#1"},
				"east": {"uv": [0, 0, 0.5, 0.3], "texture": "#1"},
				"south": {"uv": [0, 0, 0.299, 0.3], "texture": "#1"},
				"west": {"uv": [0, 0, 0.5, 0.3], "texture": "#1"},
				"up": {"uv": [0, 0, 0.299, 0.5], "texture": "#1"},
				"down": {"uv": [0, 0, 0.299, 0.5], "texture": "#missing"}
			}
		},
		{
			"from": [8.2, 8.6, 13.2],
			"to": [8.499, 8.9, 13.7],
			"rotation": {"angle": 0, "axis": "y", "origin": [6.7, 7.6, 12.2]},
			"faces": {
				"north": {"uv": [0, 0, 0.299, 0.3], "texture": "#1"},
				"east": {"uv": [0, 0, 0.5, 0.3], "texture": "#1"},
				"south": {"uv": [0, 0, 0.299, 0.3], "texture": "#1"},
				"west": {"uv": [0, 0, 0.5, 0.3], "texture": "#1"},
				"up": {"uv": [0, 0, 0.299, 0.5], "texture": "#1"},
				"down": {"uv": [0, 0, 0.299, 0.5], "texture": "#missing"}
			}
		},
		{
			"from": [8, 5.6, 17.2],
			"to": [9, 6.5, 19.5],
			"rotation": {"angle": 22.5, "axis": "x", "origin": [7, 5.4, 18]},
			"faces": {
				"north": {"uv": [0, 0, 1, 0.9], "texture": "#missing"},
				"east": {"uv": [6, 13, 8.8, 13.9], "texture": "#1"},
				"south": {"uv": [0, 0, 1, 0.9], "texture": "#missing"},
				"west": {"uv": [0, 0, 2.8, 0.9], "texture": "#missing"},
				"up": {"uv": [0, 0, 1, 2.8], "texture": "#missing"},
				"down": {"uv": [0, 0, 1, 2.8], "texture": "#missing"}
			}
		},
		{
			"from": [8, 5.9, 12.1],
			"to": [9.01, 6.8, 17.7],
			"rotation": {"angle": 0, "axis": "x", "origin": [7, 5.7, 15.5]},
			"faces": {
				"north": {"uv": [0, 0, 1.01, 0.9], "texture": "#missing"},
				"east": {"uv": [6, 13, 9.2, 13.9], "texture": "#1"},
				"south": {"uv": [0, 0, 1.01, 0.9], "texture": "#missing"},
				"west": {"uv": [0, 0, 4.2, 0.9], "texture": "#missing"},
				"up": {"uv": [0, 0, 1.01, 4.2], "texture": "#missing"},
				"down": {"uv": [0, 0, 1.01, 4.2], "texture": "#missing"}
			}
		},
		{
			"from": [8, 6.8, 12.1],
			"to": [9.01, 7.2, 15.4],
			"rotation": {"angle": 0, "axis": "y", "origin": [7, 6.3, 15.5]},
			"faces": {
				"north": {"uv": [0, 0, 1.01, 0.6], "texture": "#missing"},
				"east": {"uv": [6, 13, 9, 13.6], "texture": "#1"},
				"south": {"uv": [0, 0, 1.01, 0.6], "texture": "#missing"},
				"west": {"uv": [0, 0, 3, 0.6], "texture": "#missing"},
				"up": {"uv": [0, 0, 1.01, 3], "texture": "#missing"},
				"down": {"uv": [0, 0, 1.01, 3], "texture": "#missing"}
			}
		},
		{
			"from": [8, 6.8, 15.4],
			"to": [9.01, 7, 16.9],
			"rotation": {"angle": 0, "axis": "x", "origin": [7, 6.3, 17.5]},
			"faces": {
				"north": {"uv": [0, 0, 1.01, 0.6], "texture": "#missing"},
				"east": {"uv": [6, 13, 9, 13.6], "texture": "#1"},
				"south": {"uv": [0, 0, 1.01, 0.6], "texture": "#missing"},
				"west": {"uv": [0, 0, 3, 0.6], "texture": "#missing"},
				"up": {"uv": [0, 0, 1.01, 3], "texture": "#missing"},
				"down": {"uv": [0, 0, 1.01, 3], "texture": "#missing"}
			}
		}
	],
	"display": {
		"thirdperson_righthand": {
			"translation": [-2.25, 1.5, -4.75],
			"scale": [0.75, 0.75, 0.75]
		},
		"thirdperson_lefthand": {
			"translation": [-2.75, 0.75, -4.75],
			"scale": [0.75, 0.75, 0.75]
		},
		"firstperson_righthand": {
			"translation": [-9, 7.5, -4.5]
		},
		"firstperson_lefthand": {
			"translation": [-9, 7.5, -4.5]
		},
		"gui": {
			"rotation": [99.53, 47.59, -71.42],
			"translation": [2, 0, 0],
			"scale": [0.5, 0.75, 0.75]
		},
		"fixed": {
			"rotation": [0, -90, 0],
			"translation": [-1.25, 0, -1]
		}
	}
}