{
	"credit": "Made with Blockbench",
	"texture_size": [64, 64],
	"textures": {
		"0": "block/color/blunderbuss",
		"particle": "block/color/blunderbuss"
	},
	"elements": [
		{
			"from": [-11.17692, 13.61129, -1.09],
			"to": [-8.42692, 14.86129, 0.91],
			"rotation": {"angle": 0, "axis": "y", "origin": [-5.17692, 12.36129, -0.19]},
			"faces": {
				"north": {"uv": [10, 6, 10.75, 6.25], "texture": "#0"},
				"east": {"uv": [8, 2.75, 8.5, 3], "texture": "#0"},
				"south": {"uv": [11.25, 9.5, 12, 9.75], "texture": "#0"},
				"west": {"uv": [4, 11.75, 4.5, 12], "texture": "#0"},
				"up": {"uv": [2.75, 7, 2, 6.5], "texture": "#0"},
				"down": {"uv": [7.75, 10.75, 7, 11.25], "texture": "#0"}
			}
		},
		{
			"from": [-8.42692, 14.11129, -1.34],
			"to": [-2.67692, 14.86129, 1.16],
			"rotation": {"angle": 0, "axis": "y", "origin": [0.32308, 12.36129, -0.19]},
			"faces": {
				"north": {"uv": [10.75, 6.5, 12.25, 6.75], "texture": "#0"},
				"east": {"uv": [11.25, 10, 12, 10.25], "texture": "#0"},
				"south": {"uv": [7.75, 10.75, 9.25, 11], "texture": "#0"},
				"west": {"uv": [11.25, 10.25, 12, 10.5], "texture": "#0"},
				"up": {"uv": [1.5, 9.25, 0, 8.5], "texture": "#0"},
				"down": {"uv": [3, 8.5, 1.5, 9.25], "texture": "#0"}
			}
		},
		{
			"from": [-8.42692, 13.36129, -1.34],
			"to": [12.32308, 14.11129, 1.16],
			"rotation": {"angle": 0, "axis": "y", "origin": [0.32308, 11.61129, -0.19]},
			"faces": {
				"north": {"uv": [4, 7, 9.25, 7.25], "texture": "#0"},
				"east": {"uv": [11.25, 10.5, 12, 10.75], "texture": "#0"},
				"south": {"uv": [4, 7.25, 9.25, 7.5], "texture": "#0"},
				"west": {"uv": [11.5, 2.25, 12.25, 2.5], "texture": "#0"},
				"up": {"uv": [5.25, 2.25, 0, 1.5], "texture": "#0"},
				"down": {"uv": [5.25, 2.25, 0, 3], "texture": "#0"}
			}
		},
		{
			"from": [30.749, 7.499, -1.101],
			"to": [31.251, 9.751, 1.101],
			"rotation": {"angle": 0, "axis": "y", "origin": [20.5, 7.5, 0]},
			"faces": {
				"north": {"uv": [4.75, 5.75, 5, 6.25], "texture": "#0"},
				"east": {"uv": [7.75, 11, 8.25, 11.5], "texture": "#0"},
				"south": {"uv": [1.75, 9.75, 2, 10.25], "texture": "#0"},
				"west": {"uv": [11, 7.75, 11.5, 8.25], "texture": "#0"},
				"up": {"uv": [1.75, 11, 1.5, 10.5], "texture": "#0"},
				"down": {"uv": [12, 4.25, 11.75, 4.75], "texture": "#0"}
			}
		},
		{
			"from": [21, 9.75, -1.1],
			"to": [31.25, 14.25, 1.1],
			"rotation": {"angle": 0, "axis": "y", "origin": [20.5, 12.5, 0]},
			"faces": {
				"north": {"uv": [0, 4.5, 2.5, 5.75], "texture": "#0"},
				"east": {"uv": [0, 9.75, 0.5, 11], "texture": "#0"},
				"south": {"uv": [2.5, 4.5, 5, 5.75], "texture": "#0"},
				"west": {"uv": [0.5, 9.75, 1, 11], "texture": "#0"},
				"up": {"uv": [6.5, 8, 4, 7.5], "texture": "#0"},
				"down": {"uv": [10, 5.25, 7.5, 5.75], "texture": "#0"}
			}
		},
		{
			"from": [26.009, 7.509, -1.591],
			"to": [30.741, 10.491, 1.591],
			"rotation": {"angle": 0, "axis": "y", "origin": [20.25, 10.5, 0]},
			"faces": {
				"north": {"uv": [4, 9.25, 5.25, 10], "texture": "#0"},
				"east": {"uv": [1, 9.75, 1.75, 10.5], "texture": "#0"},
				"south": {"uv": [5.25, 9.25, 6.5, 10], "texture": "#0"},
				"west": {"uv": [10, 3.5, 10.75, 4.25], "texture": "#0"},
				"up": {"uv": [7.75, 10, 6.5, 9.25], "texture": "#0"},
				"down": {"uv": [10.5, 6.75, 9.25, 7.5], "texture": "#0"}
			}
		},
		{
			"from": [10.60964, 11.31684, -1.592],
			"to": [27.86364, 14.07084, 1.612],
			"rotation": {"angle": -22.5, "axis": "z", "origin": [17.36164, 14.06884, 0.01]},
			"faces": {
				"north": {"uv": [0, 3, 4.25, 3.75], "texture": "#0"},
				"east": {"uv": [4, 10, 4.75, 10.75], "texture": "#0"},
				"south": {"uv": [0, 3.75, 4.25, 4.5], "texture": "#0"},
				"west": {"uv": [10, 4.25, 10.75, 5], "texture": "#0"},
				"up": {"uv": [8.5, 3.75, 4.25, 3], "texture": "#0"},
				"down": {"uv": [8.5, 3.75, 4.25, 4.5], "texture": "#0"}
			}
		},
		{
			"from": [20.75, 10.25, -1.75],
			"to": [31, 12, 1.75],
			"rotation": {"angle": 0, "axis": "y", "origin": [20.5, 10, 0]},
			"faces": {
				"north": {"uv": [7.5, 5.75, 10, 6.25], "texture": "#0"},
				"east": {"uv": [10, 8, 11, 8.5], "texture": "#0"},
				"south": {"uv": [6.5, 7.5, 9, 8], "texture": "#0"},
				"west": {"uv": [10.5, 2.25, 11.5, 2.75], "texture": "#0"},
				"up": {"uv": [7.5, 6.25, 5, 5.25], "texture": "#0"},
				"down": {"uv": [8, 0, 5.5, 1], "texture": "#0"}
			}
		},
		{
			"from": [21.25, 11.5, 0.25],
			"to": [31, 13.75, 1.75],
			"rotation": {"angle": -22.5, "axis": "x", "origin": [20.5, 11.5, 0.5]},
			"faces": {
				"north": {"uv": [0, 8, 2.5, 8.5], "texture": "#0"},
				"east": {"uv": [8.25, 11, 8.75, 11.5], "texture": "#0"},
				"south": {"uv": [8, 0, 10.5, 0.5], "texture": "#0"},
				"west": {"uv": [11, 8.25, 11.5, 8.75], "texture": "#0"},
				"up": {"uv": [10.5, 1, 8, 0.5], "texture": "#0"},
				"down": {"uv": [10.5, 2.25, 8, 2.75], "texture": "#0"}
			}
		},
		{
			"from": [21.25, 11.5, -1.75],
			"to": [31, 13.75, -0.25],
			"rotation": {"angle": 22.5, "axis": "x", "origin": [20.5, 11.5, -0.5]},
			"faces": {
				"north": {"uv": [2.5, 8, 5, 8.5], "texture": "#0"},
				"east": {"uv": [8.75, 11, 9.25, 11.5], "texture": "#0"},
				"south": {"uv": [5, 8, 7.5, 8.5], "texture": "#0"},
				"west": {"uv": [11, 8.75, 11.5, 9.25], "texture": "#0"},
				"up": {"uv": [10, 8.5, 7.5, 8], "texture": "#0"},
				"down": {"uv": [10.75, 6.25, 8.25, 6.75], "texture": "#0"}
			}
		},
		{
			"from": [19.5, 12.25, -1],
			"to": [21, 15.25, 1],
			"rotation": {"angle": -45, "axis": "z", "origin": [18.75, 12.5, 0]},
			"faces": {
				"north": {"uv": [9.25, 10.75, 9.75, 11.5], "texture": "#0"},
				"east": {"uv": [9.75, 10.75, 10.25, 11.5], "texture": "#0"},
				"south": {"uv": [10.75, 10, 11.25, 10.75], "texture": "#0"},
				"west": {"uv": [10.25, 10.75, 10.75, 11.5], "texture": "#0"},
				"up": {"uv": [11.25, 11.5, 10.75, 11], "texture": "#0"},
				"down": {"uv": [11.75, 0, 11.25, 0.5], "texture": "#0"}
			}
		},
		{
			"from": [-2.67692, 13.86129, -1.59],
			"to": [10.82308, 14.86129, 1.41],
			"rotation": {"angle": 0, "axis": "y", "origin": [8.07308, 12.36129, -0.19]},
			"faces": {
				"north": {"uv": [8.5, 5, 12, 5.25], "texture": "#0"},
				"east": {"uv": [11.5, 2.5, 12.25, 2.75], "texture": "#0"},
				"south": {"uv": [7.75, 9.5, 11.25, 9.75], "texture": "#0"},
				"west": {"uv": [11.5, 6.75, 12.25, 7], "texture": "#0"},
				"up": {"uv": [8.5, 5.25, 5, 4.5], "texture": "#0"},
				"down": {"uv": [8.75, 1.5, 5.25, 2.25], "texture": "#0"}
			}
		},
		{
			"from": [-11.42892, 14.60929, -1.592],
			"to": [10.57508, 15.61329, 1.412],
			"rotation": {"angle": 0, "axis": "y", "origin": [0.82308, 13.11129, -0.19]},
			"faces": {
				"north": {"uv": [5.5, 1, 11, 1.25], "texture": "#0"},
				"east": {"uv": [11.5, 7, 12.25, 7.25], "texture": "#0"},
				"south": {"uv": [5.5, 1.25, 11, 1.5], "texture": "#0"},
				"west": {"uv": [11.5, 8.75, 12.25, 9], "texture": "#0"},
				"up": {"uv": [5.5, 0.75, 0, 0], "texture": "#0"},
				"down": {"uv": [5.5, 0.75, 0, 1.5], "texture": "#0"}
			}
		},
		{
			"from": [29.03, 14.26, -0.74],
			"to": [30.26, 14.49, 0.74],
			"rotation": {"angle": 0, "axis": "y", "origin": [28.77, 14.5, -1]},
			"faces": {
				"north": {"uv": [0, 0, 0.3125, 0.0625], "texture": "#0"},
				"east": {"uv": [0, 0, 0.375, 0.0625], "texture": "#0"},
				"south": {"uv": [0, 0, 0.3125, 0.0625], "texture": "#0"},
				"west": {"uv": [0, 0, 0.375, 0.0625], "texture": "#0"},
				"up": {"uv": [0, 0, 0.3125, 0.375], "texture": "#0"},
				"down": {"uv": [0, 0, 0.3125, 0.375], "texture": "#0"}
			}
		},
		{
			"from": [27.8, 14.26, -0.49],
			"to": [29.03, 14.49, 0.49],
			"rotation": {"angle": 0, "axis": "y", "origin": [27.54, 14.5, -1]},
			"faces": {
				"north": {"uv": [0, 0, 0.3125, 0.0625], "texture": "#0"},
				"east": {"uv": [0, 0, 0.25, 0.0625], "texture": "#0"},
				"south": {"uv": [0, 0, 0.3125, 0.0625], "texture": "#0"},
				"west": {"uv": [0, 0, 0.25, 0.0625], "texture": "#0"},
				"up": {"uv": [0, 0, 0.3125, 0.25], "texture": "#0"},
				"down": {"uv": [0, 0, 0.3125, 0.25], "texture": "#0"}
			}
		},
		{
			"from": [26.57, 14.26, -0.24],
			"to": [27.8, 14.49, 0.24],
			"rotation": {"angle": 0, "axis": "y", "origin": [26.31, 14.5, -1]},
			"faces": {
				"north": {"uv": [0, 0, 0.3125, 0.0625], "texture": "#0"},
				"east": {"uv": [0, 0, 0.125, 0.0625], "texture": "#0"},
				"south": {"uv": [0, 0, 0.3125, 0.0625], "texture": "#0"},
				"west": {"uv": [0, 0, 0.125, 0.0625], "texture": "#0"},
				"up": {"uv": [0, 0, 0.3125, 0.125], "texture": "#0"},
				"down": {"uv": [0, 0, 0.3125, 0.125], "texture": "#0"}
			}
		},
		{
			"from": [30.26, 7.51, -0.99],
			"to": [31.49, 14.49, 0.99],
			"rotation": {"angle": 0, "axis": "y", "origin": [30, 8, -1]},
			"faces": {
				"north": {"uv": [0, 0, 0.3125, 1.75], "texture": "#0"},
				"east": {"uv": [0, 0, 0.5, 1.75], "texture": "#0"},
				"south": {"uv": [0, 0, 0.3125, 1.75], "texture": "#0"},
				"west": {"uv": [0, 0, 0.5, 1.75], "texture": "#0"},
				"up": {"uv": [0, 0, 0.3125, 0.5], "texture": "#0"},
				"down": {"uv": [0, 0, 0.3125, 0.5], "texture": "#0"}
			}
		},
		{
			"from": [10.39524, 15.0345, -2.101],
			"to": [11.91524, 16.5545, -1.081],
			"rotation": {"angle": 45, "axis": "z", "origin": [10.40524, 14.2945, -0.841]},
			"faces": {
				"north": {"uv": [2.5, 11.25, 3, 11.75], "texture": "#0"},
				"east": {"uv": [4.5, 11.75, 4.75, 12.25], "texture": "#0"},
				"south": {"uv": [4.5, 11.25, 5, 11.75], "texture": "#0"},
				"west": {"uv": [4.75, 11.75, 5, 12.25], "texture": "#0"},
				"up": {"uv": [12.25, 5, 11.75, 4.75], "texture": "#0"},
				"down": {"uv": [5.5, 11.75, 5, 12], "texture": "#0"}
			}
		},
		{
			"from": [7.14424, 15.7835, -2.352],
			"to": [8.16624, 16.8055, -1.33],
			"rotation": {"angle": 45, "axis": "z", "origin": [6.90524, 14.7945, -0.841]},
			"faces": {
				"north": {"uv": [8.75, 9.25, 9, 9.5], "texture": "#0"},
				"east": {"uv": [12, 4.5, 12.25, 4.75], "texture": "#0"},
				"south": {"uv": [12, 5, 12.25, 5.25], "texture": "#0"},
				"west": {"uv": [5.25, 12, 5.5, 12.25], "texture": "#0"},
				"up": {"uv": [5.75, 12.25, 5.5, 12], "texture": "#0"},
				"down": {"uv": [6, 12, 5.75, 12.25], "texture": "#0"}
			}
		},
		{
			"from": [6.39524, 16.7845, -2.351],
			"to": [8.91524, 17.0545, -1.581],
			"rotation": {"angle": 0, "axis": "z", "origin": [10.15524, 16.5445, -1.341]},
			"faces": {
				"north": {"uv": [11.5, 9, 12.25, 9.25], "texture": "#0"},
				"east": {"uv": [7, 12, 7.25, 12.25], "texture": "#0"},
				"south": {"uv": [10.5, 11.5, 11.25, 11.75], "texture": "#0"},
				"west": {"uv": [7.25, 12, 7.5, 12.25], "texture": "#0"},
				"up": {"uv": [12.25, 11.25, 11.5, 11], "texture": "#0"},
				"down": {"uv": [12.25, 11.25, 11.5, 11.5], "texture": "#0"}
			}
		},
		{
			"from": [6.18524, 16.8245, -2.061],
			"to": [8.62524, 17.2645, -1.871],
			"rotation": {"angle": 0, "axis": "y", "origin": [4.65524, 18.0445, -1.341]},
			"faces": {
				"north": {"uv": [11.75, 5.25, 12.25, 5.5], "texture": "#0"},
				"east": {"uv": [12, 9.25, 12.25, 9.5], "texture": "#0"},
				"south": {"uv": [5.5, 11.75, 6, 12], "texture": "#0"},
				"west": {"uv": [12, 9.5, 12.25, 9.75], "texture": "#0"},
				"up": {"uv": [12.25, 5.75, 11.75, 5.5], "texture": "#0"},
				"down": {"uv": [12.25, 5.75, 11.75, 6], "texture": "#0"}
			}
		},
		{
			"from": [8.71524, 18.0645, -2.071],
			"to": [9.17524, 18.2745, -1.861],
			"rotation": {"angle": 0, "axis": "y", "origin": [6.94524, 19.2945, -1.341]},
			"faces": {
				"north": {"uv": [12, 9.75, 12.25, 10], "texture": "#0"},
				"east": {"uv": [12, 10, 12.25, 10.25], "texture": "#0"},
				"south": {"uv": [12, 10.25, 12.25, 10.5], "texture": "#0"},
				"west": {"uv": [10.5, 12, 10.75, 12.25], "texture": "#0"},
				"up": {"uv": [12.25, 10.75, 12, 10.5], "texture": "#0"},
				"down": {"uv": [11, 12, 10.75, 12.25], "texture": "#0"}
			}
		},
		{
			"from": [8.42524, 17.0645, -2.071],
			"to": [8.88524, 18.2745, -1.861],
			"rotation": {"angle": 0, "axis": "y", "origin": [7.40524, 15.5445, -1.341]},
			"faces": {
				"north": {"uv": [11.25, 12, 11.5, 12.25], "texture": "#0"},
				"east": {"uv": [11.5, 12, 11.75, 12.25], "texture": "#0"},
				"south": {"uv": [11.75, 12, 12, 12.25], "texture": "#0"},
				"west": {"uv": [12, 11.75, 12.25, 12], "texture": "#0"},
				"up": {"uv": [12.25, 12.25, 12, 12], "texture": "#0"},
				"down": {"uv": [0.25, 12.25, 0, 12.5], "texture": "#0"}
			}
		},
		{
			"from": [8.64524, 17.0345, -2.101],
			"to": [8.91524, 18.3045, -1.831],
			"rotation": {"angle": 0, "axis": "y", "origin": [7.65524, 15.5445, -1.341]},
			"faces": {
				"north": {"uv": [0.25, 12.25, 0.5, 12.5], "texture": "#0"},
				"east": {"uv": [12.25, 0.5, 12.5, 0.75], "texture": "#0"},
				"south": {"uv": [12.25, 0.75, 12.5, 1], "texture": "#0"},
				"west": {"uv": [12.25, 2.25, 12.5, 2.5], "texture": "#0"},
				"up": {"uv": [12.5, 2.75, 12.25, 2.5], "texture": "#0"},
				"down": {"uv": [4.25, 12.25, 4, 12.5], "texture": "#0"}
			}
		},
		{
			"from": [8.14424, 17.0335, -2.352],
			"to": [8.91624, 17.3055, -1.58],
			"rotation": {"angle": 0, "axis": "y", "origin": [7.65524, 15.5445, -1.341]},
			"faces": {
				"north": {"uv": [12.25, 4, 12.5, 4.25], "texture": "#0"},
				"east": {"uv": [4.25, 12.25, 4.5, 12.5], "texture": "#0"},
				"south": {"uv": [12.25, 4.25, 12.5, 4.5], "texture": "#0"},
				"west": {"uv": [4.5, 12.25, 4.75, 12.5], "texture": "#0"},
				"up": {"uv": [12.5, 4.75, 12.25, 4.5], "texture": "#0"},
				"down": {"uv": [5, 12.25, 4.75, 12.5], "texture": "#0"}
			}
		},
		{
			"from": [6.39524, 16.0345, -2.101],
			"to": [8.66524, 16.8045, -1.081],
			"rotation": {"angle": 0, "axis": "y", "origin": [10.15524, 15.7945, -0.841]},
			"faces": {
				"north": {"uv": [11.75, 6, 12.25, 6.25], "texture": "#0"},
				"east": {"uv": [12.25, 4.75, 12.5, 5], "texture": "#0"},
				"south": {"uv": [7, 11.75, 7.5, 12], "texture": "#0"},
				"west": {"uv": [12.25, 5, 12.5, 5.25], "texture": "#0"},
				"up": {"uv": [12.25, 8, 11.75, 7.75], "texture": "#0"},
				"down": {"uv": [12.25, 8, 11.75, 8.25], "texture": "#0"}
			}
		},
		{
			"from": [12.63524, 17.2745, -2.111],
			"to": [13.17524, 17.8145, -1.821],
			"rotation": {"angle": 45, "axis": "z", "origin": [11.90524, 16.2945, -0.841]},
			"faces": {
				"north": {"uv": [5.25, 12.25, 5.5, 12.5], "texture": "#0"},
				"east": {"uv": [12.25, 5.25, 12.5, 5.5], "texture": "#0"},
				"south": {"uv": [5.5, 12.25, 5.75, 12.5], "texture": "#0"},
				"west": {"uv": [12.25, 5.5, 12.5, 5.75], "texture": "#0"},
				"up": {"uv": [6, 12.5, 5.75, 12.25], "texture": "#0"},
				"down": {"uv": [12.5, 5.75, 12.25, 6], "texture": "#0"}
			}
		},
		{
			"from": [10.65524, 17.2945, -2.091],
			"to": [12.65524, 17.7945, -1.841],
			"rotation": {"angle": 45, "axis": "z", "origin": [11.90524, 16.2945, -0.841]},
			"faces": {
				"north": {"uv": [11.75, 8.25, 12.25, 8.5], "texture": "#0"},
				"east": {"uv": [6, 12.25, 6.25, 12.5], "texture": "#0"},
				"south": {"uv": [11.75, 8.5, 12.25, 8.75], "texture": "#0"},
				"west": {"uv": [12.25, 6, 12.5, 6.25], "texture": "#0"},
				"up": {"uv": [11, 12, 10.5, 11.75], "texture": "#0"},
				"down": {"uv": [12, 11.75, 11.5, 12], "texture": "#0"}
			}
		},
		{
			"from": [11.22857, 17.98915, -2.0909],
			"to": [11.72837, 18.23895, -1.8411],
			"rotation": {"angle": 0, "axis": "y", "origin": [12.97847, 16.73905, -1.341]},
			"faces": {
				"north": {"uv": [6.25, 12.25, 6.5, 12.5], "texture": "#0"},
				"east": {"uv": [6.5, 12.25, 6.75, 12.5], "texture": "#0"},
				"south": {"uv": [12.25, 6.5, 12.5, 6.75], "texture": "#0"},
				"west": {"uv": [6.75, 12.25, 7, 12.5], "texture": "#0"},
				"up": {"uv": [12.5, 7, 12.25, 6.75], "texture": "#0"},
				"down": {"uv": [7.25, 12.25, 7, 12.5], "texture": "#0"}
			}
		},
		{
			"from": [10.25524, 18.1445, -0.991],
			"to": [10.55524, 18.1945, -0.691],
			"rotation": {"angle": -45, "axis": "y", "origin": [12.15524, 17.0445, -0.441]},
			"faces": {
				"north": {"uv": [12.25, 7, 12.5, 7.25], "texture": "#0"},
				"east": {"uv": [7.25, 12.25, 7.5, 12.5], "texture": "#0"},
				"south": {"uv": [12.25, 7.25, 12.5, 7.5], "texture": "#0"},
				"west": {"uv": [7.5, 12.25, 7.75, 12.5], "texture": "#0"},
				"up": {"uv": [12.5, 8, 12.25, 7.75], "texture": "#0"},
				"down": {"uv": [12.5, 8, 12.25, 8.25], "texture": "#0"}
			}
		},
		{
			"from": [10.25524, 18.0945, -0.991],
			"to": [10.55524, 18.1445, -0.691],
			"rotation": {"angle": -45, "axis": "y", "origin": [12.15524, 16.9945, -0.441]},
			"faces": {
				"north": {"uv": [12.25, 8.25, 12.5, 8.5], "texture": "#0"},
				"east": {"uv": [12.25, 8.5, 12.5, 8.75], "texture": "#0"},
				"south": {"uv": [12.25, 8.75, 12.5, 9], "texture": "#0"},
				"west": {"uv": [12.25, 9, 12.5, 9.25], "texture": "#0"},
				"up": {"uv": [12.5, 9.5, 12.25, 9.25], "texture": "#0"},
				"down": {"uv": [12.5, 9.5, 12.25, 9.75], "texture": "#0"}
			}
		},
		{
			"from": [10.25524, 18.0445, -0.991],
			"to": [10.55524, 18.0945, -0.691],
			"rotation": {"angle": -45, "axis": "y", "origin": [12.15524, 16.9445, -0.441]},
			"faces": {
				"north": {"uv": [12.25, 9.75, 12.5, 10], "texture": "#0"},
				"east": {"uv": [12.25, 10, 12.5, 10.25], "texture": "#0"},
				"south": {"uv": [12.25, 10.25, 12.5, 10.5], "texture": "#0"},
				"west": {"uv": [10.5, 12.25, 10.75, 12.5], "texture": "#0"},
				"up": {"uv": [12.5, 10.75, 12.25, 10.5], "texture": "#0"},
				"down": {"uv": [11, 12.25, 10.75, 12.5], "texture": "#0"}
			}
		},
		{
			"from": [4.65424, 14.5435, -1.842],
			"to": [6.15624, 16.0455, 1.66],
			"rotation": {"angle": 45, "axis": "z", "origin": [4.15524, 13.2945, -0.841]},
			"faces": {
				"north": {"uv": [5, 11.25, 5.5, 11.75], "texture": "#0"},
				"east": {"uv": [10.75, 4, 11.75, 4.5], "texture": "#0"},
				"south": {"uv": [11.25, 5.25, 11.75, 5.75], "texture": "#0"},
				"west": {"uv": [4.5, 10.75, 5.5, 11.25], "texture": "#0"},
				"up": {"uv": [11.25, 6.25, 10.75, 5.25], "texture": "#0"},
				"down": {"uv": [6, 10.75, 5.5, 11.75], "texture": "#0"}
			}
		},
		{
			"from": [3.12491, 14.65326, -1.841],
			"to": [11.12491, 16.65326, 1.659],
			"rotation": {"angle": 0, "axis": "y", "origin": [11.87491, 14.65326, -0.841]},
			"faces": {
				"north": {"uv": [2.75, 5.75, 4.75, 6.25], "texture": "#0"},
				"east": {"uv": [10.75, 4.5, 11.75, 5], "texture": "#0"},
				"south": {"uv": [0, 7.5, 2, 8], "texture": "#0"},
				"west": {"uv": [6, 10.75, 7, 11.25], "texture": "#0"},
				"up": {"uv": [2, 7.5, 0, 6.5], "texture": "#0"},
				"down": {"uv": [4, 7, 2, 8], "texture": "#0"}
			}
		},
		{
			"from": [11.12391, 11.40226, -0.342],
			"to": [16.87591, 12.15426, 0.41],
			"rotation": {"angle": 45, "axis": "z", "origin": [12.62491, 11.40326, -0.841]},
			"faces": {
				"north": {"uv": [10.75, 10.75, 12.25, 11], "texture": "#0"},
				"east": {"uv": [12.25, 10.75, 12.5, 11], "texture": "#0"},
				"south": {"uv": [11, 1, 12.5, 1.25], "texture": "#0"},
				"west": {"uv": [11, 12.25, 11.25, 12.5], "texture": "#0"},
				"up": {"uv": [12.5, 1.5, 11, 1.25], "texture": "#0"},
				"down": {"uv": [3, 11, 1.5, 11.25], "texture": "#0"}
			}
		},
		{
			"from": [10.37391, 11.65226, -0.342],
			"to": [10.87591, 15.65426, 0.41],
			"rotation": {"angle": -22.5, "axis": "z", "origin": [11.12491, 11.40326, -0.841]},
			"faces": {
				"north": {"uv": [6, 11.25, 6.25, 12.25], "texture": "#0"},
				"east": {"uv": [6.25, 11.25, 6.5, 12.25], "texture": "#0"},
				"south": {"uv": [6.5, 11.25, 6.75, 12.25], "texture": "#0"},
				"west": {"uv": [6.75, 11.25, 7, 12.25], "texture": "#0"},
				"up": {"uv": [12.5, 11.25, 12.25, 11], "texture": "#0"},
				"down": {"uv": [11.5, 12.25, 11.25, 12.5], "texture": "#0"}
			}
		},
		{
			"from": [7.2149, 10.86143, -0.339],
			"to": [9.9629, 11.60943, 0.409],
			"rotation": {"angle": -22.5, "axis": "z", "origin": [8.4639, 11.61043, -0.84]},
			"faces": {
				"north": {"uv": [11.5, 11.5, 12.25, 11.75], "texture": "#0"},
				"east": {"uv": [12.25, 11.25, 12.5, 11.5], "texture": "#0"},
				"south": {"uv": [0, 11.75, 0.75, 12], "texture": "#0"},
				"west": {"uv": [11.5, 12.25, 11.75, 12.5], "texture": "#0"},
				"up": {"uv": [12.5, 0.25, 11.75, 0], "texture": "#0"},
				"down": {"uv": [12.5, 0.25, 11.75, 0.5], "texture": "#0"}
			}
		},
		{
			"from": [9.56325, 10.34219, -0.341],
			"to": [11.56325, 11.09219, 0.409],
			"rotation": {"angle": 0, "axis": "z", "origin": [11.06325, 10.34219, -0.841]},
			"faces": {
				"north": {"uv": [0, 12, 0.5, 12.25], "texture": "#0"},
				"east": {"uv": [12.25, 11.5, 12.5, 11.75], "texture": "#0"},
				"south": {"uv": [12, 3.5, 12.5, 3.75], "texture": "#0"},
				"west": {"uv": [11.75, 12.25, 12, 12.5], "texture": "#0"},
				"up": {"uv": [12.5, 4, 12, 3.75], "texture": "#0"},
				"down": {"uv": [4.5, 12, 4, 12.25], "texture": "#0"}
			}
		},
		{
			"from": [6.39213, 11.56914, -0.3391],
			"to": [7.14233, 13.81934, 0.4111],
			"rotation": {"angle": 22.5, "axis": "z", "origin": [7.14223, 13.06924, -0.839]},
			"faces": {
				"north": {"uv": [11, 11.75, 11.25, 12.25], "texture": "#0"},
				"east": {"uv": [0.5, 12, 0.75, 12.5], "texture": "#0"},
				"south": {"uv": [12, 4, 12.25, 4.5], "texture": "#0"},
				"west": {"uv": [5, 12, 5.25, 12.5], "texture": "#0"},
				"up": {"uv": [12.5, 12, 12.25, 11.75], "texture": "#0"},
				"down": {"uv": [12.25, 12.25, 12, 12.5], "texture": "#0"}
			}
		},
		{
			"from": [11.87491, 11.40326, -0.341],
			"to": [17.62491, 12.15326, 0.409],
			"rotation": {"angle": 22.5, "axis": "z", "origin": [13.37491, 11.40326, -0.841]},
			"faces": {
				"north": {"uv": [11, 1.5, 12.5, 1.75], "texture": "#0"},
				"east": {"uv": [12.25, 12, 12.5, 12.25], "texture": "#0"},
				"south": {"uv": [11, 1.75, 12.5, 2], "texture": "#0"},
				"west": {"uv": [12.25, 12.25, 12.5, 12.5], "texture": "#0"},
				"up": {"uv": [12.5, 2.25, 11, 2], "texture": "#0"},
				"down": {"uv": [12.5, 7.5, 11, 7.75], "texture": "#0"}
			}
		},
		{
			"from": [9.37491, 11.90326, -0.841],
			"to": [17.37491, 13.90326, 0.909],
			"rotation": {"angle": -22.5, "axis": "z", "origin": [18.12491, 11.90326, -0.841]},
			"faces": {
				"north": {"uv": [9, 7.5, 11, 8], "texture": "#0"},
				"east": {"uv": [11.25, 5.75, 11.75, 6.25], "texture": "#0"},
				"south": {"uv": [9, 8.5, 11, 9], "texture": "#0"},
				"west": {"uv": [7, 11.25, 7.5, 11.75], "texture": "#0"},
				"up": {"uv": [11, 9.5, 9, 9], "texture": "#0"},
				"down": {"uv": [2, 9.25, 0, 9.75], "texture": "#0"}
			}
		},
		{
			"from": [10.37491, 10.40326, -0.591],
			"to": [20.37491, 11.15326, 0.659],
			"rotation": {"angle": -22.5, "axis": "z", "origin": [18.12491, 10.40326, -0.841]},
			"faces": {
				"north": {"uv": [7.75, 9.75, 10.25, 10], "texture": "#0"},
				"east": {"uv": [0, 12.5, 0.25, 12.75], "texture": "#0"},
				"south": {"uv": [10, 2.75, 12.5, 3], "texture": "#0"},
				"west": {"uv": [12.5, 0, 12.75, 0.25], "texture": "#0"},
				"up": {"uv": [12.5, 3.25, 10, 3], "texture": "#0"},
				"down": {"uv": [12.5, 3.25, 10, 3.5], "texture": "#0"}
			}
		},
		{
			"from": [5.37501, 12.90336, -0.5909],
			"to": [12.12481, 13.65316, 0.6589],
			"rotation": {"angle": 0, "axis": "z", "origin": [8.37491, 11.65326, -0.841]},
			"faces": {
				"north": {"uv": [10.25, 9.75, 12, 10], "texture": "#0"},
				"east": {"uv": [0.25, 12.5, 0.5, 12.75], "texture": "#0"},
				"south": {"uv": [10.5, 0.75, 12.25, 1], "texture": "#0"},
				"west": {"uv": [12.5, 0.25, 12.75, 0.5], "texture": "#0"},
				"up": {"uv": [12.25, 7.5, 10.5, 7.25], "texture": "#0"},
				"down": {"uv": [12.5, 6.25, 10.75, 6.5], "texture": "#0"}
			}
		},
		{
			"from": [-1.87509, 12.65326, -0.341],
			"to": [-0.62509, 13.65326, 0.409],
			"rotation": {"angle": 0, "axis": "y", "origin": [-6.62509, 11.65326, -0.841]},
			"faces": {
				"north": {"uv": [10.25, 9.75, 12, 10], "texture": "#0"},
				"east": {"uv": [0.25, 12.5, 0.5, 12.75], "texture": "#0"},
				"south": {"uv": [10.5, 0.75, 12.25, 1], "texture": "#0"},
				"west": {"uv": [12.5, 0.25, 12.75, 0.5], "texture": "#0"},
				"up": {"uv": [12.25, 7.5, 10.5, 7.25], "texture": "#0"},
				"down": {"uv": [12.5, 6.25, 10.75, 6.5], "texture": "#0"}
			}
		},
		{
			"from": [-2.62509, 12.40326, -0.591],
			"to": [-1.87509, 13.65326, 0.659],
			"rotation": {"angle": 0, "axis": "y", "origin": [-7.62509, 11.65326, -0.841]},
			"faces": {
				"north": {"uv": [10.25, 9.75, 12, 10], "texture": "#0"},
				"east": {"uv": [0.25, 12.5, 0.5, 12.75], "texture": "#0"},
				"south": {"uv": [10.5, 0.75, 12.25, 1], "texture": "#0"},
				"west": {"uv": [12.5, 0.25, 12.75, 0.5], "texture": "#0"},
				"up": {"uv": [12.25, 7.5, 10.5, 7.25], "texture": "#0"},
				"down": {"uv": [12.5, 6.25, 10.75, 6.5], "texture": "#0"}
			}
		},
		{
			"from": [-7.62509, 12.40326, -0.591],
			"to": [-7.37509, 13.65326, 0.659],
			"rotation": {"angle": 0, "axis": "y", "origin": [-13.12509, 11.65326, -0.841]},
			"faces": {
				"north": {"uv": [10.25, 9.75, 12, 10], "texture": "#0"},
				"east": {"uv": [0.25, 12.5, 0.5, 12.75], "texture": "#0"},
				"south": {"uv": [10.5, 0.75, 12.25, 1], "texture": "#0"},
				"west": {"uv": [12.5, 0.25, 12.75, 0.5], "texture": "#0"},
				"up": {"uv": [12.25, 7.5, 10.5, 7.25], "texture": "#0"},
				"down": {"uv": [12.5, 6.25, 10.75, 6.5], "texture": "#0"}
			}
		},
		{
			"from": [-3.62509, 12.40326, -0.591],
			"to": [-3.37509, 13.65326, 0.659],
			"rotation": {"angle": 0, "axis": "y", "origin": [-9.12509, 11.65326, -0.841]},
			"faces": {
				"north": {"uv": [10.25, 9.75, 12, 10], "texture": "#0"},
				"east": {"uv": [0.25, 12.5, 0.5, 12.75], "texture": "#0"},
				"south": {"uv": [10.5, 0.75, 12.25, 1], "texture": "#0"},
				"west": {"uv": [12.5, 0.25, 12.75, 0.5], "texture": "#0"},
				"up": {"uv": [12.25, 7.5, 10.5, 7.25], "texture": "#0"},
				"down": {"uv": [12.5, 6.25, 10.75, 6.5], "texture": "#0"}
			}
		},
		{
			"from": [-5.62509, 12.40326, -0.591],
			"to": [-5.37509, 13.65326, 0.659],
			"rotation": {"angle": 0, "axis": "y", "origin": [-11.12509, 11.65326, -0.841]},
			"faces": {
				"north": {"uv": [10.25, 9.75, 12, 10], "texture": "#0"},
				"east": {"uv": [0.25, 12.5, 0.5, 12.75], "texture": "#0"},
				"south": {"uv": [10.5, 0.75, 12.25, 1], "texture": "#0"},
				"west": {"uv": [12.5, 0.25, 12.75, 0.5], "texture": "#0"},
				"up": {"uv": [12.25, 7.5, 10.5, 7.25], "texture": "#0"},
				"down": {"uv": [12.5, 6.25, 10.75, 6.5], "texture": "#0"}
			}
		},
		{
			"from": [-14.87509, 12.40326, -0.591],
			"to": [-13.12509, 13.65326, 0.659],
			"rotation": {"angle": 0, "axis": "y", "origin": [-18.87509, 11.65326, -0.841]},
			"faces": {
				"north": {"uv": [10.25, 9.75, 12, 10], "texture": "#0"},
				"east": {"uv": [0.25, 12.5, 0.5, 12.75], "texture": "#0"},
				"south": {"uv": [10.5, 0.75, 12.25, 1], "texture": "#0"},
				"west": {"uv": [12.5, 0.25, 12.75, 0.5], "texture": "#0"},
				"up": {"uv": [12.25, 7.5, 10.5, 7.25], "texture": "#0"},
				"down": {"uv": [12.5, 6.25, 10.75, 6.5], "texture": "#0"}
			}
		},
		{
			"from": [-13.26509, 12.51326, -0.481],
			"to": [-1.73509, 13.54326, 0.549],
			"rotation": {"angle": 0, "axis": "y", "origin": [-7.37509, 11.65326, -0.841]},
			"faces": {
				"north": {"uv": [10.25, 9.75, 12, 10], "texture": "#0"},
				"east": {"uv": [0.25, 12.5, 0.5, 12.75], "texture": "#0"},
				"south": {"uv": [10.5, 0.75, 12.25, 1], "texture": "#0"},
				"west": {"uv": [12.5, 0.25, 12.75, 0.5], "texture": "#0"},
				"up": {"uv": [12.25, 7.5, 10.5, 7.25], "texture": "#0"},
				"down": {"uv": [12.5, 6.25, 10.75, 6.5], "texture": "#0"}
			}
		},
		{
			"from": [-14.12509, 14.65326, -1.591],
			"to": [-12.12509, 17.65326, 1.409],
			"rotation": {"angle": 0, "axis": "y", "origin": [0.62491, 15.15326, -0.841]},
			"faces": {
				"north": {"uv": [0, 11, 0.5, 11.75], "texture": "#0"},
				"east": {"uv": [4.75, 10, 5.5, 10.75], "texture": "#0"},
				"south": {"uv": [0.5, 11, 1, 11.75], "texture": "#0"},
				"west": {"uv": [10, 5.25, 10.75, 6], "texture": "#0"},
				"up": {"uv": [3.5, 11.75, 3, 11], "texture": "#0"},
				"down": {"uv": [4, 11, 3.5, 11.75], "texture": "#0"}
			}
		},
		{
			"from": [-11.86509, 14.66326, -1.581],
			"to": [-11.38509, 17.64326, 1.399],
			"rotation": {"angle": 0, "axis": "y", "origin": [1.37491, 15.15326, -0.841]},
			"faces": {
				"north": {"uv": [0.75, 11.75, 1, 12.5], "texture": "#0"},
				"east": {"uv": [5.5, 10, 6.25, 10.75], "texture": "#0"},
				"south": {"uv": [1.5, 11.75, 1.75, 12.5], "texture": "#0"},
				"west": {"uv": [6.25, 10, 7, 10.75], "texture": "#0"},
				"up": {"uv": [2, 12.5, 1.75, 11.75], "texture": "#0"},
				"down": {"uv": [2.25, 11.75, 2, 12.5], "texture": "#0"}
			}
		},
		{
			"from": [-12.47509, 14.55326, -1.691],
			"to": [-11.77509, 17.75326, 1.509],
			"rotation": {"angle": 0, "axis": "y", "origin": [0.87491, 15.15326, -0.841]},
			"faces": {
				"north": {"uv": [2.25, 11.75, 2.5, 12.5], "texture": "#0"},
				"east": {"uv": [7, 10, 7.75, 10.75], "texture": "#0"},
				"south": {"uv": [2.5, 11.75, 2.75, 12.5], "texture": "#0"},
				"west": {"uv": [7.75, 10, 8.5, 10.75], "texture": "#0"},
				"up": {"uv": [3, 12.5, 2.75, 11.75], "texture": "#0"},
				"down": {"uv": [3.25, 11.75, 3, 12.5], "texture": "#0"}
			}
		},
		{
			"from": [-15.22609, 14.05226, -1.942],
			"to": [-14.77409, 14.50426, 1.76],
			"rotation": {"angle": 0, "axis": "y", "origin": [-2.37509, 11.40326, -0.841]},
			"faces": {
				"north": {"uv": [0.5, 12.5, 0.75, 12.75], "texture": "#0"},
				"east": {"uv": [8.25, 6.75, 9.25, 7], "texture": "#0"},
				"south": {"uv": [12.5, 0.5, 12.75, 0.75], "texture": "#0"},
				"west": {"uv": [7.75, 9.25, 8.75, 9.5], "texture": "#0"},
				"up": {"uv": [7.75, 12.25, 7.5, 11.25], "texture": "#0"},
				"down": {"uv": [11.5, 11, 11.25, 12], "texture": "#0"}
			}
		},
		{
			"from": [-15.22519, 14.05316, -2.1911],
			"to": [-14.77499, 18.25336, -1.7409],
			"rotation": {"angle": 0, "axis": "x", "origin": [-2.37509, 15.40326, 0.909]},
			"faces": {
				"north": {"uv": [1, 11.5, 1.25, 12.5], "texture": "#0"},
				"east": {"uv": [1.25, 11.5, 1.5, 12.5], "texture": "#0"},
				"south": {"uv": [7.75, 11.5, 8, 12.5], "texture": "#0"},
				"west": {"uv": [11.5, 7.75, 11.75, 8.75], "texture": "#0"},
				"up": {"uv": [1, 12.75, 0.75, 12.5], "texture": "#0"},
				"down": {"uv": [12.75, 0.75, 12.5, 1], "texture": "#0"}
			}
		},
		{
			"from": [-15.22519, 14.05316, 1.5589],
			"to": [-14.77499, 18.25336, 2.0091],
			"rotation": {"angle": 0, "axis": "y", "origin": [-2.37509, 15.40326, 4.659]},
			"faces": {
				"north": {"uv": [8, 11.5, 8.25, 12.5], "texture": "#0"},
				"east": {"uv": [8.25, 11.5, 8.5, 12.5], "texture": "#0"},
				"south": {"uv": [8.5, 11.5, 8.75, 12.5], "texture": "#0"},
				"west": {"uv": [8.75, 11.5, 9, 12.5], "texture": "#0"},
				"up": {"uv": [1.25, 12.75, 1, 12.5], "texture": "#0"},
				"down": {"uv": [12.75, 1, 12.5, 1.25], "texture": "#0"}
			}
		},
		{
			"from": [-15.22609, 17.80226, -1.942],
			"to": [-14.77409, 18.25426, 1.76],
			"rotation": {"angle": 0, "axis": "y", "origin": [-2.37509, 15.15326, -0.841]},
			"faces": {
				"north": {"uv": [1.25, 12.5, 1.5, 12.75], "texture": "#0"},
				"east": {"uv": [11, 9.25, 12, 9.5], "texture": "#0"},
				"south": {"uv": [12.5, 1.25, 12.75, 1.5], "texture": "#0"},
				"west": {"uv": [11.25, 0.5, 12.25, 0.75], "texture": "#0"},
				"up": {"uv": [9.25, 12.5, 9, 11.5], "texture": "#0"},
				"down": {"uv": [9.5, 11.5, 9.25, 12.5], "texture": "#0"}
			}
		},
		{
			"from": [-14.97509, 14.30326, -1.941],
			"to": [-14.52509, 18.00326, 1.759],
			"rotation": {"angle": 0, "axis": "y", "origin": [-2.12509, 15.15326, -0.841]},
			"faces": {
				"north": {"uv": [9.5, 11.5, 9.75, 12.5], "texture": "#0"},
				"east": {"uv": [2, 9.25, 3, 10.25], "texture": "#0"},
				"south": {"uv": [9.75, 11.5, 10, 12.5], "texture": "#0"},
				"west": {"uv": [3, 9.25, 4, 10.25], "texture": "#0"},
				"up": {"uv": [10.25, 12.5, 10, 11.5], "texture": "#0"},
				"down": {"uv": [10.5, 11.5, 10.25, 12.5], "texture": "#0"}
			}
		},
		{
			"from": [-14.72509, 14.55326, -1.691],
			"to": [-14.02509, 17.75326, 1.509],
			"rotation": {"angle": 0, "axis": "y", "origin": [-1.37509, 15.15326, -0.841]},
			"faces": {
				"north": {"uv": [3.25, 11.75, 3.5, 12.5], "texture": "#0"},
				"east": {"uv": [8.5, 10, 9.25, 10.75], "texture": "#0"},
				"south": {"uv": [3.5, 11.75, 3.75, 12.5], "texture": "#0"},
				"west": {"uv": [9.25, 10, 10, 10.75], "texture": "#0"},
				"up": {"uv": [12, 4.25, 11.75, 3.5], "texture": "#0"},
				"down": {"uv": [4, 11.75, 3.75, 12.5], "texture": "#0"}
			}
		},
		{
			"from": [-12.12509, 14.90326, -1.341],
			"to": [-5.87509, 17.40326, 1.159],
			"rotation": {"angle": 0, "axis": "z", "origin": [3.12491, 15.15326, -0.841]},
			"faces": {
				"north": {"uv": [8.5, 2.75, 10, 3.5], "texture": "#0"},
				"east": {"uv": [10, 10, 10.75, 10.75], "texture": "#0"},
				"south": {"uv": [3, 8.5, 4.5, 9.25], "texture": "#0"},
				"west": {"uv": [10.25, 1.5, 11, 2.25], "texture": "#0"},
				"up": {"uv": [10, 4.25, 8.5, 3.5], "texture": "#0"},
				"down": {"uv": [10, 4.25, 8.5, 5], "texture": "#0"}
			}
		},
		{
			"from": [0.12491, 15.40326, -1.591],
			"to": [10.87491, 17.40326, 1.409],
			"rotation": {"angle": 0, "axis": "y", "origin": [3.87491, 14.65326, -0.841]},
			"faces": {
				"north": {"uv": [5.25, 2.25, 8, 3], "texture": "#0"},
				"east": {"uv": [1.75, 10.25, 2.5, 11], "texture": "#0"},
				"south": {"uv": [0, 5.75, 2.75, 6.5], "texture": "#0"},
				"west": {"uv": [2.5, 10.25, 3.25, 11], "texture": "#0"},
				"up": {"uv": [5.5, 7, 2.75, 6.25], "texture": "#0"},
				"down": {"uv": [8.25, 6.25, 5.5, 7], "texture": "#0"}
			}
		},
		{
			"from": [-6.02509, 14.75326, -1.491],
			"to": [0.27491, 17.30326, 1.309],
			"rotation": {"angle": 0, "axis": "y", "origin": [-6.87509, 14.65326, -0.841]},
			"faces": {
				"north": {"uv": [4.5, 8.5, 6, 9.25], "texture": "#0"},
				"east": {"uv": [3.25, 10.25, 4, 11], "texture": "#0"},
				"south": {"uv": [6, 8.5, 7.5, 9.25], "texture": "#0"},
				"west": {"uv": [10.5, 0, 11.25, 0.75], "texture": "#0"},
				"up": {"uv": [9, 9.25, 7.5, 8.5], "texture": "#0"},
				"down": {"uv": [10.25, 1.5, 8.75, 2.25], "texture": "#0"}
			}
		}
	],
	"display": {
		"thirdperson_righthand": {
			"rotation": [120, -90, 0],
			"translation": [-4.5, 4.75, 1.5],
			"scale": [0.56, 0.56, 0.56]
		},
		"thirdperson_lefthand": {
			"rotation": [120, 90, 0],
			"translation": [4.5, 4.75, 1.5],
			"scale": [0.56, 0.56, 0.56]
		},
		"firstperson_righthand": {
			"rotation": [60, -90, 0],
			"translation": [-5.5, -1.25, -0.75],
			"scale": [0.7, 0.7, 0.7]
		},
		"firstperson_lefthand": {
			"rotation": [60, 90, 0],
			"translation": [5.5, -1.25, -0.75],
			"scale": [0.7, 0.7, 0.7]
		},
		"gui": {
			"rotation": [0, 0, -46],
			"translation": [-1, -1.5, 0],
			"scale": [0.5, 0.5, 0.5]
		},
		"fixed": {
			"translation": [0, -2, 7.25]
		}
	},
	"groups": [
		{
			"name": "Gun",
			"origin": [2.5, 0, 0],
			"color": 0,
			"children": [
				{
					"name": "stock",
					"origin": [2.5, 0, 0],
					"color": 0,
					"children": [0, 1, 2, 3, 4, 5, 6, 7, 8, 9, 10, 11, 12, 13, 14, 15, 16]
				},
				{
					"name": "Mechanism",
					"origin": [-1.41744, 15.20946, 0.18],
					"color": 0,
					"children": [17, 18, 19, 20, 21, 22, 23, 24, 25, 26, 27, 28, 29, 30, 31, 32, 33, 34, 35, 36, 37, 38, 39, 40, 41, 42, 43, 44, 45, 46, 47, 48, 49]
				},
				{
					"name": "Barrel",
					"origin": [8, 8, 8],
					"color": 0,
					"children": [50, 51, 52, 53, 54, 55, 56, 57, 58, 59, 60, 61]
				}
			]
		}
	]
}