{
	"credit": "Made with Blockbench",
	"texture_size": [64, 64],
	"textures": {
		"0": "block/color/flintlock_pistol",
		"particle": "block/color/flintlock_pistol"
	},
	"elements": [
		{
			"from": [-2.3499, 8.4001, 7.1501],
			"to": [-1.1501, 10.0999, 7.5999],
			"rotation": {"angle": 0, "axis": "x", "origin": [-3.25, 10.25, 7.25]},
			"faces": {
				"north": {"uv": [7.75, 5.25, 7.5, 5.75], "rotation": 180, "texture": "#0"},
				"east": {"uv": [2.75, 6.75, 3.25, 7.25], "rotation": 270, "texture": "#0"},
				"south": {"uv": [5.5, 8, 5.25, 7.5], "texture": "#0"},
				"west": {"uv": [6.75, 2.75, 7.25, 3.25], "rotation": 90, "texture": "#0"},
				"up": {"uv": [4.75, 7.5, 5, 8], "rotation": 180, "texture": "#0"},
				"down": {"uv": [5, 7.5, 5.25, 8], "texture": "#0"}
			}
		},
		{
			"from": [-2.3499, 8.4001, 8.4001],
			"to": [-1.1501, 10.0999, 8.8499],
			"rotation": {"angle": 0, "axis": "y", "origin": [-3.25, 10.25, 8.5]},
			"faces": {
				"north": {"uv": [7.75, 5.25, 7.5, 5.75], "rotation": 180, "texture": "#0"},
				"east": {"uv": [2.75, 6.75, 3.25, 7.25], "rotation": 270, "texture": "#0"},
				"south": {"uv": [5.5, 8, 5.25, 7.5], "texture": "#0"},
				"west": {"uv": [6.75, 2.75, 7.25, 3.25], "rotation": 90, "texture": "#0"},
				"up": {"uv": [4.75, 7.5, 5, 8], "rotation": 180, "texture": "#0"},
				"down": {"uv": [5, 7.5, 5.25, 8], "texture": "#0"}
			}
		},
		{
			"from": [-2.35, 8.4, 7.4],
			"to": [-1.15, 8.85, 8.6],
			"rotation": {"angle": 0, "axis": "y", "origin": [-15.25, 8.5, 7]},
			"faces": {
				"north": {"uv": [4.75, 7.5, 5, 8], "texture": "#0"},
				"east": {"uv": [2.75, 6.75, 3.25, 7.25], "texture": "#0"},
				"south": {"uv": [5, 7.5, 5.25, 8], "texture": "#0"},
				"west": {"uv": [6.75, 2.75, 7.25, 3.25], "texture": "#0"},
				"up": {"uv": [5.5, 8, 5.25, 7.5], "texture": "#0"},
				"down": {"uv": [7.75, 5.25, 7.5, 5.75], "texture": "#0"}
			}
		},
		{
			"from": [-2.35, 9.65, 7.4],
			"to": [-1.15, 10.1, 8.6],
			"rotation": {"angle": 0, "axis": "y", "origin": [-15.25, 9.75, 7]},
			"faces": {
				"north": {"uv": [4.75, 7.5, 5, 8], "texture": "#0"},
				"east": {"uv": [2.75, 6.75, 3.25, 7.25], "texture": "#0"},
				"south": {"uv": [5, 7.5, 5.25, 8], "texture": "#0"},
				"west": {"uv": [6.75, 2.75, 7.25, 3.25], "texture": "#0"},
				"up": {"uv": [5.5, 8, 5.25, 7.5], "texture": "#0"},
				"down": {"uv": [7.75, 5.25, 7.5, 5.75], "texture": "#0"}
			}
		},
		{
			"from": [0.49, 8.49, 7.24],
			"to": [1.01, 10.01, 8.76],
			"rotation": {"angle": 0, "axis": "y", "origin": [-15.5, 8.5, 7]},
			"faces": {
				"north": {"uv": [5.5, 7.5, 5.75, 8], "texture": "#0"},
				"east": {"uv": [3.25, 6.75, 3.75, 7.25], "texture": "#0"},
				"south": {"uv": [5.75, 7.5, 6, 8], "texture": "#0"},
				"west": {"uv": [6.75, 4, 7.25, 4.5], "texture": "#0"},
				"up": {"uv": [6.25, 8, 6, 7.5], "texture": "#0"},
				"down": {"uv": [7.75, 6.25, 7.5, 6.75], "texture": "#0"}
			}
		},
		{
			"from": [-1.2501, 9.7499, 7.4999],
			"to": [14.2501, 10.0001, 8.5001],
			"rotation": {"angle": 0, "axis": "y", "origin": [0, 9.75, 7]},
			"faces": {
				"north": {"uv": [3, 1.75, 6.75, 2], "texture": "#0"},
				"east": {"uv": [2.5, 8.25, 2.75, 8.5], "texture": "#0"},
				"south": {"uv": [3.5, 3.25, 7.25, 3.5], "texture": "#0"},
				"west": {"uv": [8.25, 2.5, 8.5, 2.75], "texture": "#0"},
				"up": {"uv": [7.5, 0.25, 3.75, 0], "texture": "#0"},
				"down": {"uv": [7.5, 0.25, 3.75, 0.5], "texture": "#0"}
			}
		},
		{
			"from": [7.15, 9.4, 7.15],
			"to": [7.6, 10.1, 8.85],
			"rotation": {"angle": 0, "axis": "y", "origin": [-6.75, 9.5, 7]},
			"faces": {
				"north": {"uv": [2.75, 8.25, 3, 8.5], "texture": "#0"},
				"east": {"uv": [6.5, 7.5, 7, 7.75], "texture": "#0"},
				"south": {"uv": [8.25, 2.75, 8.5, 3], "texture": "#0"},
				"west": {"uv": [7.5, 6.75, 8, 7], "texture": "#0"},
				"up": {"uv": [7.25, 8, 7, 7.5], "texture": "#0"},
				"down": {"uv": [7.75, 7, 7.5, 7.5], "texture": "#0"}
			}
		},
		{
			"from": [13.9, 9.4, 7.15],
			"to": [14.35, 10.1, 8.85],
			"rotation": {"angle": 0, "axis": "y", "origin": [0, 9.5, 7]},
			"faces": {
				"north": {"uv": [3, 8.25, 3.25, 8.5], "texture": "#0"},
				"east": {"uv": [7.25, 7.5, 7.75, 7.75], "texture": "#0"},
				"south": {"uv": [8.25, 3, 8.5, 3.25], "texture": "#0"},
				"west": {"uv": [0, 7.75, 0.5, 8], "texture": "#0"},
				"up": {"uv": [0.75, 8.25, 0.5, 7.75], "texture": "#0"},
				"down": {"uv": [1, 7.75, 0.75, 8.25], "texture": "#0"}
			}
		},
		{
			"from": [10.65, 9.4, 7.15],
			"to": [11.1, 10.1, 8.85],
			"rotation": {"angle": 0, "axis": "y", "origin": [-3.25, 9.5, 7]},
			"faces": {
				"north": {"uv": [3.25, 8.25, 3.5, 8.5], "texture": "#0"},
				"east": {"uv": [1, 7.75, 1.5, 8], "texture": "#0"},
				"south": {"uv": [8.25, 3.25, 8.5, 3.5], "texture": "#0"},
				"west": {"uv": [7.75, 1, 8.25, 1.25], "texture": "#0"},
				"up": {"uv": [8, 1.75, 7.75, 1.25], "texture": "#0"},
				"down": {"uv": [1.75, 7.75, 1.5, 8.25], "texture": "#0"}
			}
		},
		{
			"from": [-2, 8.5, 7.25],
			"to": [14.25, 9.75, 8.75],
			"rotation": {"angle": 0, "axis": "y", "origin": [0, 8.5, 7]},
			"faces": {
				"north": {"uv": [3.75, 0.5, 7.5, 0.75], "texture": "#0"},
				"east": {"uv": [7.75, 1.75, 8.25, 2], "texture": "#0"},
				"south": {"uv": [3.75, 0.75, 7.5, 1], "texture": "#0"},
				"west": {"uv": [2.75, 7.75, 3.25, 8], "texture": "#0"},
				"up": {"uv": [3.75, 0.5, 0, 0], "texture": "#0"},
				"down": {"uv": [3.75, 0.5, 0, 1], "texture": "#0"}
			}
		},
		{
			"from": [1.15, 6.4, 7.65],
			"to": [2.35, 7.1, 8.35],
			"rotation": {"angle": 0, "axis": "y", "origin": [-1.5, 4.25, 7]},
			"faces": {
				"north": {"uv": [4.75, 8.25, 5, 8.5], "texture": "#0"},
				"east": {"uv": [5, 8.25, 5.25, 8.5], "texture": "#0"},
				"south": {"uv": [5.25, 8.25, 5.5, 8.5], "texture": "#0"},
				"west": {"uv": [5.5, 8.25, 5.75, 8.5], "texture": "#0"},
				"up": {"uv": [6, 8.5, 5.75, 8.25], "texture": "#0"},
				"down": {"uv": [6.25, 8.25, 6, 8.5], "texture": "#0"}
			}
		},
		{
			"from": [1.39, 6.39, 7.64],
			"to": [2.11, 7.11, 8.36],
			"rotation": {"angle": 0, "axis": "y", "origin": [-2, 4.25, 7]},
			"faces": {
				"north": {"uv": [8.25, 6, 8.5, 6.25], "texture": "#0"},
				"east": {"uv": [6.25, 8.25, 6.5, 8.5], "texture": "#0"},
				"south": {"uv": [8.25, 6.25, 8.5, 6.5], "texture": "#0"},
				"west": {"uv": [6.5, 8.25, 6.75, 8.5], "texture": "#0"},
				"up": {"uv": [7, 8.5, 6.75, 8.25], "texture": "#0"},
				"down": {"uv": [7.25, 8.25, 7, 8.5], "texture": "#0"}
			}
		},
		{
			"from": [7, 6.25, 7.5],
			"to": [7.75, 7, 8.5],
			"rotation": {"angle": 0, "axis": "y", "origin": [4, 4.25, 7]},
			"faces": {
				"north": {"uv": [7.25, 8.25, 7.5, 8.5], "texture": "#0"},
				"east": {"uv": [7.5, 8.25, 7.75, 8.5], "texture": "#0"},
				"south": {"uv": [7.75, 8.25, 8, 8.5], "texture": "#0"},
				"west": {"uv": [8, 8.25, 8.25, 8.5], "texture": "#0"},
				"up": {"uv": [8.5, 8.25, 8.25, 8], "texture": "#0"},
				"down": {"uv": [8.5, 8.25, 8.25, 8.5], "texture": "#0"}
			}
		},
		{
			"from": [-1.5, 6.5, 7.75],
			"to": [8, 7, 8.25],
			"rotation": {"angle": 0, "axis": "y", "origin": [4.5, 4.25, 7]},
			"faces": {
				"north": {"uv": [4.5, 4.5, 7, 4.75], "texture": "#0"},
				"east": {"uv": [0, 8.5, 0.25, 8.75], "texture": "#0"},
				"south": {"uv": [0, 4.75, 2.5, 5], "texture": "#0"},
				"west": {"uv": [0.25, 8.5, 0.5, 8.75], "texture": "#0"},
				"up": {"uv": [7.25, 1.25, 4.75, 1], "texture": "#0"},
				"down": {"uv": [7.25, 1.25, 4.75, 1.5], "texture": "#0"}
			}
		},
		{
			"from": [6.64, 6.39, 7.64],
			"to": [7.86, 7.36, 8.36],
			"rotation": {"angle": 0, "axis": "y", "origin": [4.25, 4.5, 7]},
			"faces": {
				"north": {"uv": [0.5, 8.5, 0.75, 8.75], "texture": "#0"},
				"east": {"uv": [0.75, 8.5, 1, 8.75], "texture": "#0"},
				"south": {"uv": [1, 8.5, 1.25, 8.75], "texture": "#0"},
				"west": {"uv": [1.25, 8.5, 1.5, 8.75], "texture": "#0"},
				"up": {"uv": [8.75, 1.5, 8.5, 1.25], "texture": "#0"},
				"down": {"uv": [1.75, 8.5, 1.5, 8.75], "texture": "#0"}
			}
		},
		{
			"from": [7.15, 6.15, 7.65],
			"to": [8.6, 6.85, 8.35],
			"rotation": {"angle": 0, "axis": "y", "origin": [5, 4, 7]},
			"faces": {
				"north": {"uv": [8.5, 1.5, 8.75, 1.75], "texture": "#0"},
				"east": {"uv": [1.75, 8.5, 2, 8.75], "texture": "#0"},
				"south": {"uv": [2, 8.5, 2.25, 8.75], "texture": "#0"},
				"west": {"uv": [8.5, 2, 8.75, 2.25], "texture": "#0"},
				"up": {"uv": [2.5, 8.75, 2.25, 8.5], "texture": "#0"},
				"down": {"uv": [8.75, 2.25, 8.5, 2.5], "texture": "#0"}
			}
		},
		{
			"from": [12.65, 8.4, 6.15],
			"to": [14.6, 10.35, 9.85],
			"rotation": {"angle": -45, "axis": "z", "origin": [12.5, 8.5, 7]},
			"faces": {
				"north": {"uv": [4.75, 6.75, 5.25, 7.25], "texture": "#0"},
				"east": {"uv": [5.25, 2.25, 6.25, 2.75], "texture": "#0"},
				"south": {"uv": [6.75, 4.75, 7.25, 5.25], "texture": "#0"},
				"west": {"uv": [3.75, 5.25, 4.75, 5.75], "texture": "#0"},
				"up": {"uv": [5.25, 6.25, 4.75, 5.25], "texture": "#0"},
				"down": {"uv": [5.75, 5.25, 5.25, 6.25], "texture": "#0"}
			}
		},
		{
			"from": [13.16421, 8.35355, 5.75],
			"to": [13.91421, 8.85355, 6.25],
			"rotation": {"angle": 0, "axis": "z", "origin": [12.41421, 7.60355, 3.5]},
			"faces": {
				"north": {"uv": [2.5, 8.5, 2.75, 8.75], "texture": "#0"},
				"east": {"uv": [8.5, 2.5, 8.75, 2.75], "texture": "#0"},
				"south": {"uv": [2.75, 8.5, 3, 8.75], "texture": "#0"},
				"west": {"uv": [8.5, 2.75, 8.75, 3], "texture": "#0"},
				"up": {"uv": [3.25, 8.75, 3, 8.5], "texture": "#0"},
				"down": {"uv": [8.75, 3, 8.5, 3.25], "texture": "#0"}
			}
		},
		{
			"from": [13.25, 9, 5.75],
			"to": [14, 9.75, 6.25],
			"rotation": {"angle": -45, "axis": "z", "origin": [12.5, 8.5, 3.5]},
			"faces": {
				"north": {"uv": [3.25, 8.5, 3.5, 8.75], "texture": "#0"},
				"east": {"uv": [8.5, 3.25, 8.75, 3.5], "texture": "#0"},
				"south": {"uv": [3.5, 8.5, 3.75, 8.75], "texture": "#0"},
				"west": {"uv": [8.5, 3.5, 8.75, 3.75], "texture": "#0"},
				"up": {"uv": [4, 8.75, 3.75, 8.5], "texture": "#0"},
				"down": {"uv": [8.75, 3.75, 8.5, 4], "texture": "#0"}
			}
		},
		{
			"from": [12.7499, 9.56056, 5.7499],
			"to": [13.2501, 10.06076, 6.0001],
			"rotation": {"angle": -45, "axis": "z", "origin": [11.75, 9.06066, 3.5]},
			"faces": {
				"north": {"uv": [4, 8.5, 4.25, 8.75], "texture": "#0"},
				"east": {"uv": [8.5, 4, 8.75, 4.25], "texture": "#0"},
				"south": {"uv": [4.25, 8.5, 4.5, 8.75], "texture": "#0"},
				"west": {"uv": [8.5, 4.25, 8.75, 4.5], "texture": "#0"},
				"up": {"uv": [4.75, 8.75, 4.5, 8.5], "texture": "#0"},
				"down": {"uv": [8.75, 4.5, 8.5, 4.75], "texture": "#0"}
			}
		},
		{
			"from": [13.55971, 9.28649, 6.75],
			"to": [14.30971, 10.28649, 9.25],
			"rotation": {"angle": -22.5, "axis": "z", "origin": [13.05971, 9.03649, 7.5]},
			"faces": {
				"north": {"uv": [4.75, 8.5, 5, 8.75], "texture": "#0"},
				"east": {"uv": [7, 4.5, 7.75, 4.75], "texture": "#0"},
				"south": {"uv": [8.5, 4.75, 8.75, 5], "texture": "#0"},
				"west": {"uv": [2.75, 7.25, 3.5, 7.5], "texture": "#0"},
				"up": {"uv": [2.5, 5.75, 2.25, 5], "texture": "#0"},
				"down": {"uv": [7.5, 2.75, 7.25, 3.5], "texture": "#0"}
			}
		},
		{
			"from": [13.80971, 9.53649, 7.5],
			"to": [16.55971, 10.28649, 8.5],
			"rotation": {"angle": -22.5, "axis": "z", "origin": [13.30971, 9.03649, 7]},
			"faces": {
				"north": {"uv": [7.25, 4, 8, 4.25], "texture": "#0"},
				"east": {"uv": [5, 8.5, 5.25, 8.75], "texture": "#0"},
				"south": {"uv": [7.25, 4.25, 8, 4.5], "texture": "#0"},
				"west": {"uv": [8.5, 5, 8.75, 5.25], "texture": "#0"},
				"up": {"uv": [8, 5, 7.25, 4.75], "texture": "#0"},
				"down": {"uv": [8, 5, 7.25, 5.25], "texture": "#0"}
			}
		},
		{
			"from": [6.1489, 9.04052, 6.2489],
			"to": [7.4009, 10.29252, 9.7509],
			"rotation": {"angle": -45, "axis": "z", "origin": [5.8999, 8.54152, 6.9999]},
			"faces": {
				"north": {"uv": [5.25, 8.5, 5.5, 8.75], "texture": "#0"},
				"east": {"uv": [6.75, 1.75, 7.75, 2], "texture": "#0"},
				"south": {"uv": [8.5, 5.25, 8.75, 5.5], "texture": "#0"},
				"west": {"uv": [5.25, 6.75, 6.25, 7], "texture": "#0"},
				"up": {"uv": [1.25, 7.75, 1, 6.75], "texture": "#0"},
				"down": {"uv": [6.5, 6.75, 6.25, 7.75], "texture": "#0"}
			}
		},
		{
			"from": [7.31421, 7.85208, 6.25],
			"to": [13.81421, 9.60208, 9.75],
			"rotation": {"angle": 0, "axis": "z", "origin": [11.81421, 7.85208, 7]},
			"faces": {
				"north": {"uv": [0, 4.25, 1.5, 4.75], "texture": "#0"},
				"east": {"uv": [1.5, 5.75, 2.5, 6.25], "texture": "#0"},
				"south": {"uv": [3, 4.5, 4.5, 5], "texture": "#0"},
				"west": {"uv": [5.75, 2.75, 6.75, 3.25], "texture": "#0"},
				"up": {"uv": [1.5, 2, 0, 1], "texture": "#0"},
				"down": {"uv": [3, 1, 1.5, 2], "texture": "#0"}
			}
		},
		{
			"from": [14.51001, 9.06871, 5.7398],
			"to": [14.63001, 9.58871, 6.0098],
			"rotation": {"angle": 45, "axis": "z", "origin": [12.75, 8.82871, 5.7498]},
			"faces": {
				"north": {"uv": [5.5, 8.5, 5.75, 8.75], "texture": "#0"},
				"east": {"uv": [8.5, 5.5, 8.75, 5.75], "texture": "#0"},
				"south": {"uv": [5.75, 8.5, 6, 8.75], "texture": "#0"},
				"west": {"uv": [8.5, 5.75, 8.75, 6], "texture": "#0"},
				"up": {"uv": [6.25, 8.75, 6, 8.5], "texture": "#0"},
				"down": {"uv": [8.75, 6, 8.5, 6.25], "texture": "#0"}
			}
		},
		{
			"from": [13.07322, 10.29824, 5.7499],
			"to": [13.57322, 10.79824, 5.9999],
			"rotation": {"angle": -45, "axis": "z", "origin": [11.57322, 10.29824, 5.7499]},
			"faces": {
				"north": {"uv": [6.25, 8.5, 6.5, 8.75], "texture": "#0"},
				"east": {"uv": [8.5, 6.25, 8.75, 6.5], "texture": "#0"},
				"south": {"uv": [6.5, 8.5, 6.75, 8.75], "texture": "#0"},
				"west": {"uv": [8.5, 6.5, 8.75, 6.75], "texture": "#0"},
				"up": {"uv": [7, 8.75, 6.75, 8.5], "texture": "#0"},
				"down": {"uv": [8.75, 6.75, 8.5, 7], "texture": "#0"}
			}
		},
		{
			"from": [11.57312, 10.29814, 5.7498],
			"to": [12.07332, 11.04834, 6],
			"rotation": {"angle": -45, "axis": "z", "origin": [9.82322, 10.54824, 5.7499]},
			"faces": {
				"north": {"uv": [7, 8.5, 7.25, 8.75], "texture": "#0"},
				"east": {"uv": [8.5, 7, 8.75, 7.25], "texture": "#0"},
				"south": {"uv": [7.25, 8.5, 7.5, 8.75], "texture": "#0"},
				"west": {"uv": [8.5, 7.25, 8.75, 7.5], "texture": "#0"},
				"up": {"uv": [7.75, 8.75, 7.5, 8.5], "texture": "#0"},
				"down": {"uv": [8.75, 7.5, 8.5, 7.75], "texture": "#0"}
			}
		},
		{
			"from": [11.57312, 11.29814, 5.7498],
			"to": [12.32332, 11.54834, 6],
			"rotation": {"angle": -45, "axis": "z", "origin": [10.07322, 11.04824, 5.7499]},
			"faces": {
				"north": {"uv": [7.75, 8.5, 8, 8.75], "texture": "#0"},
				"east": {"uv": [8.5, 7.75, 8.75, 8], "texture": "#0"},
				"south": {"uv": [8, 8.5, 8.25, 8.75], "texture": "#0"},
				"west": {"uv": [8.5, 8, 8.75, 8.25], "texture": "#0"},
				"up": {"uv": [8.5, 8.75, 8.25, 8.5], "texture": "#0"},
				"down": {"uv": [8.75, 8.25, 8.5, 8.5], "texture": "#0"}
			}
		},
		{
			"from": [10.96724, 10.99032, 5.7499],
			"to": [11.46724, 11.24032, 5.9999],
			"rotation": {"angle": -22.5, "axis": "z", "origin": [9.21724, 10.74032, 5.7499]},
			"faces": {
				"north": {"uv": [8.5, 8.5, 8.75, 8.75], "texture": "#0"},
				"east": {"uv": [0, 8.75, 0.25, 9], "texture": "#0"},
				"south": {"uv": [8.75, 0, 9, 0.25], "texture": "#0"},
				"west": {"uv": [0.25, 8.75, 0.5, 9], "texture": "#0"},
				"up": {"uv": [9, 0.5, 8.75, 0.25], "texture": "#0"},
				"down": {"uv": [0.75, 8.75, 0.5, 9], "texture": "#0"}
			}
		},
		{
			"from": [12.57322, 9.29824, 5.7499],
			"to": [12.82322, 10.04824, 5.9999],
			"rotation": {"angle": -45, "axis": "z", "origin": [12.07322, 10.79824, 5.7499]},
			"faces": {
				"north": {"uv": [8.75, 0.5, 9, 0.75], "texture": "#0"},
				"east": {"uv": [0.75, 8.75, 1, 9], "texture": "#0"},
				"south": {"uv": [8.75, 0.75, 9, 1], "texture": "#0"},
				"west": {"uv": [1, 8.75, 1.25, 9], "texture": "#0"},
				"up": {"uv": [9, 1.25, 8.75, 1], "texture": "#0"},
				"down": {"uv": [1.5, 8.75, 1.25, 9], "texture": "#0"}
			}
		},
		{
			"from": [11.22322, 10.19824, 5.8999],
			"to": [11.92322, 10.89824, 6.3499],
			"rotation": {"angle": -45, "axis": "z", "origin": [9.57322, 10.29824, 5.9999]},
			"faces": {
				"north": {"uv": [8.75, 1.25, 9, 1.5], "texture": "#0"},
				"east": {"uv": [1.5, 8.75, 1.75, 9], "texture": "#0"},
				"south": {"uv": [8.75, 1.5, 9, 1.75], "texture": "#0"},
				"west": {"uv": [1.75, 8.75, 2, 9], "texture": "#0"},
				"up": {"uv": [9, 2, 8.75, 1.75], "texture": "#0"},
				"down": {"uv": [2.25, 8.75, 2, 9], "texture": "#0"}
			}
		},
		{
			"from": [8.32322, 9.04824, 5.9999],
			"to": [11.07322, 9.29824, 6.2499],
			"rotation": {"angle": 0, "axis": "y", "origin": [8.57322, 9.04824, 5.9999]},
			"faces": {
				"north": {"uv": [7.25, 5.75, 8, 6], "texture": "#0"},
				"east": {"uv": [8.75, 2, 9, 2.25], "texture": "#0"},
				"south": {"uv": [7.25, 6, 8, 6.25], "texture": "#0"},
				"west": {"uv": [2.25, 8.75, 2.5, 9], "texture": "#0"},
				"up": {"uv": [8.25, 0.25, 7.5, 0], "texture": "#0"},
				"down": {"uv": [8.25, 0.25, 7.5, 0.5], "texture": "#0"}
			}
		},
		{
			"from": [11.32322, 9.04824, 5.7499],
			"to": [12.32322, 9.29824, 6.2499],
			"rotation": {"angle": 0, "axis": "y", "origin": [9.82322, 9.04824, 5.9999]},
			"faces": {
				"north": {"uv": [8.75, 2.25, 9, 2.5], "texture": "#0"},
				"east": {"uv": [2.5, 8.75, 2.75, 9], "texture": "#0"},
				"south": {"uv": [8.75, 2.5, 9, 2.75], "texture": "#0"},
				"west": {"uv": [2.75, 8.75, 3, 9], "texture": "#0"},
				"up": {"uv": [9, 3, 8.75, 2.75], "texture": "#0"},
				"down": {"uv": [3.25, 8.75, 3, 9], "texture": "#0"}
			}
		},
		{
			"from": [10.07322, 8.79824, 5.9999],
			"to": [12.07322, 9.04824, 6.2499],
			"rotation": {"angle": 0, "axis": "y", "origin": [9.82322, 8.79824, 5.9999]},
			"faces": {
				"north": {"uv": [1, 8, 1.5, 8.25], "texture": "#0"},
				"east": {"uv": [8.75, 3, 9, 3.25], "texture": "#0"},
				"south": {"uv": [8, 1.25, 8.5, 1.5], "texture": "#0"},
				"west": {"uv": [3.25, 8.75, 3.5, 9], "texture": "#0"},
				"up": {"uv": [8.5, 1.75, 8, 1.5], "texture": "#0"},
				"down": {"uv": [3.25, 8, 2.75, 8.25], "texture": "#0"}
			}
		},
		{
			"from": [13.29279, 9.07847, 5.7498],
			"to": [14.44299, 9.32867, 6],
			"rotation": {"angle": 45, "axis": "z", "origin": [12.79289, 8.82857, 5.7499]},
			"faces": {
				"north": {"uv": [8.75, 3.25, 9, 3.5], "texture": "#0"},
				"east": {"uv": [3.5, 8.75, 3.75, 9], "texture": "#0"},
				"south": {"uv": [8.75, 3.5, 9, 3.75], "texture": "#0"},
				"west": {"uv": [3.75, 8.75, 4, 9], "texture": "#0"},
				"up": {"uv": [9, 4, 8.75, 3.75], "texture": "#0"},
				"down": {"uv": [4.25, 8.75, 4, 9], "texture": "#0"}
			}
		},
		{
			"from": [13.78289, 9.5986, 5.7399],
			"to": [14.30289, 9.8686, 6.0099],
			"rotation": {"angle": 45, "axis": "z", "origin": [13.29289, 9.57857, 5.7499]},
			"faces": {
				"north": {"uv": [8.75, 4, 9, 4.25], "texture": "#0"},
				"east": {"uv": [4.25, 8.75, 4.5, 9], "texture": "#0"},
				"south": {"uv": [8.75, 4.25, 9, 4.5], "texture": "#0"},
				"west": {"uv": [4.5, 8.75, 4.75, 9], "texture": "#0"},
				"up": {"uv": [9, 4.75, 8.75, 4.5], "texture": "#0"},
				"down": {"uv": [5, 8.75, 4.75, 9], "texture": "#0"}
			}
		},
		{
			"from": [14, 5.5, 7.75],
			"to": [15.25, 5.75, 8.25],
			"rotation": {"angle": 45, "axis": "z", "origin": [14, 5.5, 7.75]},
			"faces": {
				"north": {"uv": [8.75, 4.75, 9, 5], "texture": "#0"},
				"east": {"uv": [5, 8.75, 5.25, 9], "texture": "#0"},
				"south": {"uv": [8.75, 5, 9, 5.25], "texture": "#0"},
				"west": {"uv": [5.25, 8.75, 5.5, 9], "texture": "#0"},
				"up": {"uv": [9, 5.5, 8.75, 5.25], "texture": "#0"},
				"down": {"uv": [5.75, 8.75, 5.5, 9], "texture": "#0"}
			}
		},
		{
			"from": [0, 7.5, 7],
			"to": [6.75, 8, 9],
			"rotation": {"angle": 0, "axis": "y", "origin": [3.75, 6.75, 7]},
			"faces": {
				"north": {"uv": [5.75, 5.25, 7.5, 5.5], "texture": "#0"},
				"east": {"uv": [3.25, 8, 3.75, 8.25], "texture": "#0"},
				"south": {"uv": [5.75, 5.5, 7.5, 5.75], "texture": "#0"},
				"west": {"uv": [8, 4, 8.5, 4.25], "texture": "#0"},
				"up": {"uv": [4.75, 4.5, 3, 4], "texture": "#0"},
				"down": {"uv": [5.75, 3.5, 4, 4], "texture": "#0"}
			}
		},
		{
			"from": [-0.5, 8, 6.5],
			"to": [7.25, 9.25, 9.5],
			"rotation": {"angle": 0, "axis": "y", "origin": [4.75, 6.5, 7]},
			"faces": {
				"north": {"uv": [5.75, 3.5, 7.75, 3.75], "texture": "#0"},
				"east": {"uv": [7.5, 0.5, 8.25, 0.75], "texture": "#0"},
				"south": {"uv": [5.75, 3.75, 7.75, 4], "texture": "#0"},
				"west": {"uv": [7.5, 0.75, 8.25, 1], "texture": "#0"},
				"up": {"uv": [2, 2.75, 0, 2], "texture": "#0"},
				"down": {"uv": [4, 2, 2, 2.75], "texture": "#0"}
			}
		},
		{
			"from": [0.5, 7, 7.5],
			"to": [3.25, 7.5, 8.5],
			"rotation": {"angle": 0, "axis": "y", "origin": [-1.5, 5.5, 7]},
			"faces": {
				"north": {"uv": [7.5, 2, 8.25, 2.25], "texture": "#0"},
				"east": {"uv": [8.75, 5.5, 9, 5.75], "texture": "#0"},
				"south": {"uv": [7.5, 2.25, 8.25, 2.5], "texture": "#0"},
				"west": {"uv": [5.75, 8.75, 6, 9], "texture": "#0"},
				"up": {"uv": [8.25, 2.75, 7.5, 2.5], "texture": "#0"},
				"down": {"uv": [3.5, 7.5, 2.75, 7.75], "texture": "#0"}
			}
		},
		{
			"from": [3.25, 7, 7.25],
			"to": [7.25, 7.5, 8.75],
			"rotation": {"angle": 0, "axis": "y", "origin": [2.25, 5, 7]},
			"faces": {
				"north": {"uv": [6.5, 6.75, 7.5, 7], "texture": "#0"},
				"east": {"uv": [4.25, 8, 4.75, 8.25], "texture": "#0"},
				"south": {"uv": [1.25, 7, 2.25, 7.25], "texture": "#0"},
				"west": {"uv": [8, 4.25, 8.5, 4.5], "texture": "#0"},
				"up": {"uv": [4, 6.25, 3, 5.75], "texture": "#0"},
				"down": {"uv": [6.75, 4.75, 5.75, 5.25], "texture": "#0"}
			}
		},
		{
			"from": [7.75, 6.25, 7],
			"to": [16.75, 7.5, 9],
			"rotation": {"angle": 0, "axis": "y", "origin": [0.25, 5, 7]},
			"faces": {
				"north": {"uv": [4.75, 1.5, 7, 1.75], "texture": "#0"},
				"east": {"uv": [4.75, 8, 5.25, 8.25], "texture": "#0"},
				"south": {"uv": [5.25, 2, 7.5, 2.25], "texture": "#0"},
				"west": {"uv": [8, 4.75, 8.5, 5], "texture": "#0"},
				"up": {"uv": [4, 4, 1.75, 3.5], "texture": "#0"},
				"down": {"uv": [5.75, 2.75, 3.5, 3.25], "texture": "#0"}
			}
		},
		{
			"from": [12.499, 3.999, 6.999],
			"to": [17.751, 6.501, 9.001],
			"rotation": {"angle": -22.5, "axis": "z", "origin": [21.5, 4, 7]},
			"faces": {
				"north": {"uv": [1.75, 4, 3, 4.75], "texture": "#0"},
				"east": {"uv": [2.5, 6, 3, 6.75], "texture": "#0"},
				"south": {"uv": [4, 2, 5.25, 2.75], "texture": "#0"},
				"west": {"uv": [0, 6.25, 0.5, 7], "texture": "#0"},
				"up": {"uv": [6, 4.5, 4.75, 4], "texture": "#0"},
				"down": {"uv": [5.75, 4.75, 4.5, 5.25], "texture": "#0"}
			}
		},
		{
			"from": [20.03194, 2.45511, 7.001],
			"to": [22.52994, 7.45311, 8.999],
			"rotation": {"angle": 22.5, "axis": "z", "origin": [20.03094, -1.29589, 7]},
			"faces": {
				"north": {"uv": [2.5, 4.75, 3, 6], "texture": "#0"},
				"east": {"uv": [0, 5, 0.5, 6.25], "texture": "#0"},
				"south": {"uv": [0.5, 5, 1, 6.25], "texture": "#0"},
				"west": {"uv": [1, 5, 1.5, 6.25], "texture": "#0"},
				"up": {"uv": [0.5, 7.5, 0, 7], "texture": "#0"},
				"down": {"uv": [7.5, 2.25, 7, 2.75], "texture": "#0"}
			}
		},
		{
			"from": [5.92843, 9.78198, 6.6],
			"to": [7.72843, 11.58198, 9.4],
			"rotation": {"angle": 45, "axis": "z", "origin": [10.07843, 9.93198, 7]},
			"faces": {
				"north": {"uv": [3.75, 7, 4.25, 7.5], "texture": "#0"},
				"east": {"uv": [6, 4, 6.75, 4.5], "texture": "#0"},
				"south": {"uv": [4.25, 7, 4.75, 7.5], "texture": "#0"},
				"west": {"uv": [0.5, 6.25, 1.25, 6.75], "texture": "#0"},
				"up": {"uv": [1.75, 7, 1.25, 6.25], "texture": "#0"},
				"down": {"uv": [2.25, 6.25, 1.75, 7], "texture": "#0"}
			}
		},
		{
			"from": [10.65911, 6.90538, 6.4901],
			"to": [12.65891, 8.90518, 9.4899],
			"rotation": {"angle": 45, "axis": "z", "origin": [12.65901, 11.15528, 6.74]},
			"faces": {
				"north": {"uv": [5.25, 7, 5.75, 7.5], "texture": "#0"},
				"east": {"uv": [6.25, 2.25, 7, 2.75], "texture": "#0"},
				"south": {"uv": [5.75, 7, 6.25, 7.5], "texture": "#0"},
				"west": {"uv": [3, 6.25, 3.75, 6.75], "texture": "#0"},
				"up": {"uv": [4.25, 7, 3.75, 6.25], "texture": "#0"},
				"down": {"uv": [4.75, 6.25, 4.25, 7], "texture": "#0"}
			}
		},
		{
			"from": [7.25, 6.73586, 6.49],
			"to": [14.25, 9.23586, 9.49],
			"rotation": {"angle": 0, "axis": "y", "origin": [11, 6.98586, 6.99]},
			"faces": {
				"north": {"uv": [0, 2.75, 1.75, 3.5], "texture": "#0"},
				"east": {"uv": [1.5, 5, 2.25, 5.75], "texture": "#0"},
				"south": {"uv": [1.75, 2.75, 3.5, 3.5], "texture": "#0"},
				"west": {"uv": [3, 5, 3.75, 5.75], "texture": "#0"},
				"up": {"uv": [4.75, 1.75, 3, 1], "texture": "#0"},
				"down": {"uv": [1.75, 3.5, 0, 4.25], "texture": "#0"}
			}
		},
		{
			"from": [17.93094, 2.35411, 6.9],
			"to": [21.13094, 3.30411, 9.1],
			"rotation": {"angle": 0, "axis": "z", "origin": [18.28094, -1.29589, 7]},
			"faces": {
				"north": {"uv": [3.75, 5, 4.5, 5.25], "texture": "#0"},
				"east": {"uv": [4.75, 7.25, 5.25, 7.5], "texture": "#0"},
				"south": {"uv": [7, 1.5, 7.75, 1.75], "texture": "#0"},
				"west": {"uv": [0, 7.5, 0.5, 7.75], "texture": "#0"},
				"up": {"uv": [4.75, 6.25, 4, 5.75], "texture": "#0"},
				"down": {"uv": [6.5, 5.75, 5.75, 6.25], "texture": "#0"}
			}
		},
		{
			"from": [18.31795, 1.2612, 7.25],
			"to": [20.81795, 2.0112, 8.75],
			"rotation": {"angle": 0, "axis": "z", "origin": [18.31795, -2.4888, 7]},
			"faces": {
				"north": {"uv": [7.5, 2.75, 8.25, 3], "texture": "#0"},
				"east": {"uv": [8, 5, 8.5, 5.25], "texture": "#0"},
				"south": {"uv": [7.5, 3, 8.25, 3.25], "texture": "#0"},
				"west": {"uv": [5.25, 8, 5.75, 8.25], "texture": "#0"},
				"up": {"uv": [5.5, 6.75, 4.75, 6.25], "texture": "#0"},
				"down": {"uv": [6.25, 6.25, 5.5, 6.75], "texture": "#0"}
			}
		},
		{
			"from": [20.64094, 1.56411, 6.86],
			"to": [22.42094, 3.34411, 9.14],
			"rotation": {"angle": 22.5, "axis": "z", "origin": [20.53094, -2.04589, 7]},
			"faces": {
				"north": {"uv": [7, 6.25, 7.5, 6.75], "texture": "#0"},
				"east": {"uv": [6.5, 7, 7, 7.5], "texture": "#0"},
				"south": {"uv": [7, 7, 7.5, 7.5], "texture": "#0"},
				"west": {"uv": [0.5, 7.25, 1, 7.75], "texture": "#0"},
				"up": {"uv": [7.75, 1.5, 7.25, 1], "texture": "#0"},
				"down": {"uv": [1.75, 7.25, 1.25, 7.75], "texture": "#0"}
			}
		},
		{
			"from": [18.03094, 1.70411, 7],
			"to": [21.03094, 2.45411, 9],
			"rotation": {"angle": 0, "axis": "y", "origin": [18.28094, -2.04589, 7]},
			"faces": {
				"north": {"uv": [7.5, 3.25, 8.25, 3.5], "texture": "#0"},
				"east": {"uv": [8, 5.25, 8.5, 5.5], "texture": "#0"},
				"south": {"uv": [3.5, 7.5, 4.25, 7.75], "texture": "#0"},
				"west": {"uv": [8, 5.5, 8.5, 5.75], "texture": "#0"},
				"up": {"uv": [7, 6.75, 6.25, 6.25], "texture": "#0"},
				"down": {"uv": [7.25, 5.75, 6.5, 6.25], "texture": "#0"}
			}
		},
		{
			"from": [22.13094, 3.55411, 6.85],
			"to": [22.93094, 4.10411, 9.15],
			"rotation": {"angle": 22.5, "axis": "z", "origin": [22.78094, -1.29589, 7]},
			"faces": {
				"north": {"uv": [8.75, 5.75, 9, 6], "texture": "#0"},
				"east": {"uv": [5.75, 8, 6.25, 8.25], "texture": "#0"},
				"south": {"uv": [6, 8.75, 6.25, 9], "texture": "#0"},
				"west": {"uv": [8, 5.75, 8.5, 6], "texture": "#0"},
				"up": {"uv": [0.5, 8.5, 0.25, 8], "texture": "#0"},
				"down": {"uv": [8.25, 6, 8, 6.5], "texture": "#0"}
			}
		},
		{
			"from": [22.13094, 4.55411, 7.6],
			"to": [22.43094, 5.60411, 8.4],
			"rotation": {"angle": 22.5, "axis": "z", "origin": [22.53094, -0.29589, 7]},
			"faces": {
				"north": {"uv": [8.75, 6, 9, 6.25], "texture": "#0"},
				"east": {"uv": [6.25, 8.75, 6.5, 9], "texture": "#0"},
				"south": {"uv": [8.75, 6.25, 9, 6.5], "texture": "#0"},
				"west": {"uv": [6.5, 8.75, 6.75, 9], "texture": "#0"},
				"up": {"uv": [9, 6.75, 8.75, 6.5], "texture": "#0"},
				"down": {"uv": [7, 8.75, 6.75, 9], "texture": "#0"}
			}
		},
		{
			"from": [19.78094, 3.20411, 7.75],
			"to": [20.28094, 6.95411, 8.25],
			"rotation": {"angle": 22.5, "axis": "z", "origin": [20.28094, -1.29589, 7]},
			"faces": {
				"north": {"uv": [1.75, 7.25, 2, 8.25], "texture": "#0"},
				"east": {"uv": [2, 7.25, 2.25, 8.25], "texture": "#0"},
				"south": {"uv": [2.25, 7.25, 2.5, 8.25], "texture": "#0"},
				"west": {"uv": [2.5, 7.25, 2.75, 8.25], "texture": "#0"},
				"up": {"uv": [9, 7, 8.75, 6.75], "texture": "#0"},
				"down": {"uv": [7.25, 8.75, 7, 9], "texture": "#0"}
			}
		},
		{
			"from": [15.03094, 5.95411, 7.75],
			"to": [16.78094, 6.45411, 8.25],
			"rotation": {"angle": 0, "axis": "z", "origin": [20.03094, 4.20411, 7]},
			"faces": {
				"north": {"uv": [8, 6.5, 8.5, 6.75], "texture": "#0"},
				"east": {"uv": [8.75, 7, 9, 7.25], "texture": "#0"},
				"south": {"uv": [8, 6.75, 8.5, 7], "texture": "#0"},
				"west": {"uv": [7.25, 8.75, 7.5, 9], "texture": "#0"},
				"up": {"uv": [8.5, 7.25, 8, 7], "texture": "#0"},
				"down": {"uv": [8.5, 7.25, 8, 7.5], "texture": "#0"}
			}
		},
		{
			"from": [11.03084, 5.95401, 7.7499],
			"to": [12.78104, 6.45421, 8.2501],
			"rotation": {"angle": 0, "axis": "y", "origin": [16.03094, 4.20411, 7]},
			"faces": {
				"north": {"uv": [8, 7.5, 8.5, 7.75], "texture": "#0"},
				"east": {"uv": [8.75, 7.25, 9, 7.5], "texture": "#0"},
				"south": {"uv": [7.75, 8, 8.25, 8.25], "texture": "#0"},
				"west": {"uv": [7.5, 8.75, 7.75, 9], "texture": "#0"},
				"up": {"uv": [8.5, 8, 8, 7.75], "texture": "#0"},
				"down": {"uv": [8.75, 0, 8.25, 0.25], "texture": "#0"}
			}
		},
		{
			"from": [15.53084, 3.70401, 7.7499],
			"to": [17.28104, 4.20421, 8.2501],
			"rotation": {"angle": -22.5, "axis": "z", "origin": [21.53094, 4.20411, 7]},
			"faces": {
				"north": {"uv": [8.25, 0.25, 8.75, 0.5], "texture": "#0"},
				"east": {"uv": [8.75, 7.5, 9, 7.75], "texture": "#0"},
				"south": {"uv": [0.5, 8.25, 1, 8.5], "texture": "#0"},
				"west": {"uv": [7.75, 8.75, 8, 9], "texture": "#0"},
				"up": {"uv": [8.75, 0.75, 8.25, 0.5], "texture": "#0"},
				"down": {"uv": [8.75, 0.75, 8.25, 1], "texture": "#0"}
			}
		},
		{
			"from": [17.03084, 5.20401, 7.7499],
			"to": [17.28104, 6.20421, 8.2501],
			"rotation": {"angle": -22.5, "axis": "z", "origin": [16.78094, 10.20411, 7]},
			"faces": {
				"north": {"uv": [8.75, 7.75, 9, 8], "texture": "#0"},
				"east": {"uv": [8, 8.75, 8.25, 9], "texture": "#0"},
				"south": {"uv": [8.75, 8, 9, 8.25], "texture": "#0"},
				"west": {"uv": [8.25, 8.75, 8.5, 9], "texture": "#0"},
				"up": {"uv": [9, 8.5, 8.75, 8.25], "texture": "#0"},
				"down": {"uv": [8.75, 8.75, 8.5, 9], "texture": "#0"}
			}
		},
		{
			"from": [14.22742, 5.10595, 7.75],
			"to": [14.47742, 6.10595, 8.25],
			"rotation": {"angle": -45, "axis": "z", "origin": [14.04307, 4.72119, 7]},
			"faces": {
				"north": {"uv": [8.75, 8.5, 9, 8.75], "texture": "#0"},
				"east": {"uv": [8.75, 8.75, 9, 9], "texture": "#0"},
				"south": {"uv": [0, 9, 0.25, 9.25], "texture": "#0"},
				"west": {"uv": [9, 0, 9.25, 0.25], "texture": "#0"},
				"up": {"uv": [0.5, 9.25, 0.25, 9], "texture": "#0"},
				"down": {"uv": [9.25, 0.25, 9, 0.5], "texture": "#0"}
			}
		},
		{
			"from": [12.89379, 5.18289, 7.7499],
			"to": [13.89399, 5.43309, 8.2501],
			"rotation": {"angle": -22.5, "axis": "z", "origin": [12.50913, 5.61734, 7]},
			"faces": {
				"north": {"uv": [0.5, 9, 0.75, 9.25], "texture": "#0"},
				"east": {"uv": [9, 0.5, 9.25, 0.75], "texture": "#0"},
				"south": {"uv": [0.75, 9, 1, 9.25], "texture": "#0"},
				"west": {"uv": [9, 0.75, 9.25, 1], "texture": "#0"},
				"up": {"uv": [1.25, 9.25, 1, 9], "texture": "#0"},
				"down": {"uv": [9.25, 1, 9, 1.25], "texture": "#0"}
			}
		},
		{
			"from": [11.9111, 5.92077, 7.75],
			"to": [13.4111, 6.17077, 8.25],
			"rotation": {"angle": -45, "axis": "z", "origin": [12.02634, 6.35512, 7]},
			"faces": {
				"north": {"uv": [1, 8.25, 1.5, 8.5], "texture": "#0"},
				"east": {"uv": [1.25, 9, 1.5, 9.25], "texture": "#0"},
				"south": {"uv": [8.25, 1, 8.75, 1.25], "texture": "#0"},
				"west": {"uv": [9, 1.25, 9.25, 1.5], "texture": "#0"},
				"up": {"uv": [2, 8.5, 1.5, 8.25], "texture": "#0"},
				"down": {"uv": [8.75, 1.75, 8.25, 2], "texture": "#0"}
			}
		},
		{
			"from": [13.62227, 4.68613, 7.75],
			"to": [14.62227, 4.93613, 8.25],
			"rotation": {"angle": 0, "axis": "z", "origin": [12.98751, 5.12047, 7]},
			"faces": {
				"north": {"uv": [1.5, 9, 1.75, 9.25], "texture": "#0"},
				"east": {"uv": [9, 1.5, 9.25, 1.75], "texture": "#0"},
				"south": {"uv": [1.75, 9, 2, 9.25], "texture": "#0"},
				"west": {"uv": [9, 1.75, 9.25, 2], "texture": "#0"},
				"up": {"uv": [2.25, 9.25, 2, 9], "texture": "#0"},
				"down": {"uv": [9.25, 2, 9, 2.25], "texture": "#0"}
			}
		},
		{
			"from": [22.38094, 3.80411, 7.35],
			"to": [22.68094, 4.60411, 8.65],
			"rotation": {"angle": 22.5, "axis": "z", "origin": [22.78094, -0.79589, 7]},
			"faces": {
				"north": {"uv": [2.25, 9, 2.5, 9.25], "texture": "#0"},
				"east": {"uv": [9, 2.25, 9.25, 2.5], "texture": "#0"},
				"south": {"uv": [2.5, 9, 2.75, 9.25], "texture": "#0"},
				"west": {"uv": [9, 2.5, 9.25, 2.75], "texture": "#0"},
				"up": {"uv": [3, 9.25, 2.75, 9], "texture": "#0"},
				"down": {"uv": [9.25, 2.75, 9, 3], "texture": "#0"}
			}
		}
	],
	"display": {
		"thirdperson_righthand": {
			"rotation": [0, -90, 0],
			"translation": [0, 1, -3.25],
			"scale": [0.5, 0.5, 0.5]
		},
		"thirdperson_lefthand": {
			"rotation": [0, 90, 0],
			"translation": [0, 1, -3.25],
			"scale": [0.5, 0.5, 0.5]
		},
		"firstperson_righthand": {
			"rotation": [0, -90, 0],
			"translation": [0, 3, -4.5],
			"scale": [0.8, 0.8, 0.8]
		},
		"firstperson_lefthand": {
			"rotation": [0, 90, 0],
			"translation": [0, 3, -4.5],
			"scale": [0.8, 0.8, 0.8]
		},
		"gui": {
			"rotation": [0, 0, -31.25],
			"translation": [0, 1.75, 0],
			"scale": [0.8, 0.8, 0.8]
		}
	},
	"groups": [
		{
			"name": "Gun",
			"origin": [8, 8, 8],
			"color": 0,
			"children": [
				{
					"name": "Barrel",
					"origin": [8, 8, 8],
					"color": 1,
					"children": [0, 1, 2, 3, 4, 5, 6, 7, 8, 9]
				},
				{
					"name": "Mechanism",
					"origin": [8, 8, 8],
					"color": 9,
					"children": [10, 11, 12, 13, 14, 15, 16, 17, 18, 19, 20, 21, 22, 23, 24, 25, 26, 27, 28, 29, 30, 31, 32, 33, 34, 35, 36]
				},
				{
					"name": "Handle",
					"origin": [8, 8, 8],
					"color": 2,
					"children": [37, 38, 39, 40, 41, 42, 43, 44, 45, 46]
				},
				{
					"name": "Pommel",
					"origin": [8, 8, 8],
					"color": 1,
					"children": [47, 48, 49, 50, 51, 52, 53, 54, 55, 56, 57, 58, 59, 60, 61, 62]
				}
			]
		}
	]
}