{
	"credit": "Made with Blockbench",
	"texture_size": [64, 64],
	"textures": {
		"0": "block/color/musket",
		"particle": "block/color/musket"
	},
	"elements": [
		{
			"from": [21.51956, 11.49483, 7.95175],
			"to": [28.26956, 13.49483, 9.70175],
			"rotation": {"angle": 22.5, "axis": "x", "origin": [24.33448, 15.18898, 7.45175]},
			"faces": {
				"north": {"uv": [3, 6, 4.75, 6.5], "texture": "#0"},
				"east": {"uv": [8.75, 0, 9.25, 0.5], "texture": "#0"},
				"south": {"uv": [4.75, 6, 6.5, 6.5], "texture": "#0"},
				"west": {"uv": [8.75, 0.5, 9.25, 1], "texture": "#0"},
				"up": {"uv": [8, 4, 6.25, 3.5], "texture": "#0"},
				"down": {"uv": [8, 4, 6.25, 4.5], "texture": "#0"}
			}
		},
		{
			"from": [21.51966, 10.44255, 6.50768],
			"to": [28.26946, 12.44235, 8.25748],
			"rotation": {"angle": -22.5, "axis": "x", "origin": [24.33448, 14.1366, 6.00758]},
			"faces": {
				"north": {"uv": [6.25, 4.5, 8, 5], "texture": "#0"},
				"east": {"uv": [8.75, 1, 9.25, 1.5], "texture": "#0"},
				"south": {"uv": [3, 6.5, 4.75, 7], "texture": "#0"},
				"west": {"uv": [8.75, 1.5, 9.25, 2], "texture": "#0"},
				"up": {"uv": [6.5, 7, 4.75, 6.5], "texture": "#0"},
				"down": {"uv": [8.25, 6, 6.5, 6.5], "texture": "#0"}
			}
		},
		{
			"from": [21.51966, 9.33479, 6.5001],
			"to": [28.26946, 11.58459, 9.4999],
			"rotation": {"angle": 0, "axis": "z", "origin": [16.76956, 9.08469, 7]},
			"faces": {
				"north": {"uv": [6.5, 6.5, 8.25, 7], "texture": "#0"},
				"east": {"uv": [8, 1.5, 8.75, 2], "texture": "#0"},
				"south": {"uv": [0, 6.75, 1.75, 7.25], "texture": "#0"},
				"west": {"uv": [8, 4.5, 8.75, 5], "texture": "#0"},
				"up": {"uv": [6.25, 4.25, 4.5, 3.5], "texture": "#0"},
				"down": {"uv": [6.25, 4.25, 4.5, 5], "texture": "#0"}
			}
		},
		{
			"from": [21.60593, 9.21941, 7.2502],
			"to": [28.85573, 9.71921, 8.75],
			"rotation": {"angle": 0, "axis": "y", "origin": [16.85583, 8.96931, 7.0001]},
			"faces": {
				"north": {"uv": [0, 7.25, 1.75, 7.5], "texture": "#0"},
				"east": {"uv": [2.5, 6.75, 3, 7], "texture": "#0"},
				"south": {"uv": [7.5, 5.25, 9.25, 5.5], "texture": "#0"},
				"west": {"uv": [9.25, 2.5, 9.75, 2.75], "texture": "#0"},
				"up": {"uv": [3.5, 7.5, 1.75, 7], "texture": "#0"},
				"down": {"uv": [8.75, 2, 7, 2.5], "texture": "#0"}
			}
		},
		{
			"from": [16.02056, 13.83569, 6.751],
			"to": [22.51856, 16.33369, 9.249],
			"rotation": {"angle": -22.5, "axis": "z", "origin": [11.01956, 14.08469, 7]},
			"faces": {
				"north": {"uv": [7, 2.5, 8.5, 3], "texture": "#0"},
				"east": {"uv": [8.75, 2, 9.25, 2.5], "texture": "#0"},
				"south": {"uv": [7, 3, 8.5, 3.5], "texture": "#0"},
				"west": {"uv": [3.75, 8.75, 4.25, 9.25], "texture": "#0"},
				"up": {"uv": [5, 7.5, 3.5, 7], "texture": "#0"},
				"down": {"uv": [6.5, 7, 5, 7.5], "texture": "#0"}
			}
		},
		{
			"from": [20.51956, 8.33469, 7.25],
			"to": [22.51956, 9.58469, 8.75],
			"rotation": {"angle": 22.5, "axis": "z", "origin": [12.51956, 10.33469, 7]},
			"faces": {
				"north": {"uv": [9.25, 2.75, 9.75, 3], "texture": "#0"},
				"east": {"uv": [9.25, 3.75, 9.75, 4], "texture": "#0"},
				"south": {"uv": [9.25, 4, 9.75, 4.25], "texture": "#0"},
				"west": {"uv": [4.25, 9.25, 4.75, 9.5], "texture": "#0"},
				"up": {"uv": [4.75, 9.25, 4.25, 8.75], "texture": "#0"},
				"down": {"uv": [9.25, 4.5, 8.75, 5], "texture": "#0"}
			}
		},
		{
			"from": [21.63644, 12.91502, 7.2499],
			"to": [30.38664, 13.66522, 8.7501],
			"rotation": {"angle": 0, "axis": "y", "origin": [14.63654, 14.16512, 7]},
			"faces": {
				"north": {"uv": [5, 7.5, 7.25, 7.75], "texture": "#0"},
				"east": {"uv": [9.25, 4.5, 9.75, 4.75], "texture": "#0"},
				"south": {"uv": [7.5, 5, 9.75, 5.25], "texture": "#0"},
				"west": {"uv": [4.75, 9.25, 5.25, 9.5], "texture": "#0"},
				"up": {"uv": [4.75, 6, 2.5, 5.5], "texture": "#0"},
				"down": {"uv": [7, 5.5, 4.75, 6], "texture": "#0"}
			}
		},
		{
			"from": [27.65654, 12.18512, 7.27],
			"to": [29.36654, 12.89512, 8.73],
			"rotation": {"angle": 0, "axis": "y", "origin": [14.63654, 13.66512, 7]},
			"faces": {
				"north": {"uv": [9.25, 4.75, 9.75, 5], "texture": "#0"},
				"east": {"uv": [6.5, 8.5, 6.75, 8.75], "texture": "#0"},
				"south": {"uv": [5.25, 9.25, 5.75, 9.5], "texture": "#0"},
				"west": {"uv": [9.75, 6.25, 10, 6.5], "texture": "#0"},
				"up": {"uv": [9.75, 5.5, 9.25, 5.25], "texture": "#0"},
				"down": {"uv": [6.25, 9.25, 5.75, 9.5], "texture": "#0"}
			}
		},
		{
			"from": [29.9416, 14.43581, 7.26],
			"to": [31.6716, 18.41581, 8.74],
			"rotation": {"angle": -22.5, "axis": "z", "origin": [17.1816, 18.92581, 7]},
			"faces": {
				"north": {"uv": [6.75, 7.75, 7.25, 8.75], "texture": "#0"},
				"east": {"uv": [8, 3.5, 8.5, 4.5], "texture": "#0"},
				"south": {"uv": [8, 7, 8.5, 8], "texture": "#0"},
				"west": {"uv": [8, 8, 8.5, 9], "texture": "#0"},
				"up": {"uv": [5.25, 9.25, 4.75, 8.75], "texture": "#0"},
				"down": {"uv": [9.25, 6, 8.75, 6.5], "texture": "#0"}
			}
		},
		{
			"from": [-11.25, 11.75, 7],
			"to": [-1.5, 12.5, 9],
			"rotation": {"angle": 0, "axis": "y", "origin": [7.5, 10.25, 7]},
			"faces": {
				"north": {"uv": [0, 7.5, 2.5, 7.75], "texture": "#0"},
				"east": {"uv": [9.25, 6, 9.75, 6.25], "texture": "#0"},
				"south": {"uv": [2.5, 7.5, 5, 7.75], "texture": "#0"},
				"west": {"uv": [6.25, 9.25, 6.75, 9.5], "texture": "#0"},
				"up": {"uv": [2.5, 5.5, 0, 5], "texture": "#0"},
				"down": {"uv": [5, 5, 2.5, 5.5], "texture": "#0"}
			}
		},
		{
			"from": [-11.25, 12.5, 6.75],
			"to": [-1.5, 14.25, 9.25],
			"rotation": {"angle": 0, "axis": "y", "origin": [7.5, 12, 7]},
			"faces": {
				"north": {"uv": [5, 5, 7.5, 5.5], "texture": "#0"},
				"east": {"uv": [0, 8.5, 0.75, 9], "texture": "#0"},
				"south": {"uv": [0, 5.5, 2.5, 6], "texture": "#0"},
				"west": {"uv": [0.75, 8.5, 1.5, 9], "texture": "#0"},
				"up": {"uv": [7, 2.75, 4.5, 2], "texture": "#0"},
				"down": {"uv": [7, 2.75, 4.5, 3.5], "texture": "#0"}
			}
		},
		{
			"from": [-1.5, 11.75, 6.75],
			"to": [16.5, 14.25, 9.25],
			"rotation": {"angle": 0, "axis": "y", "origin": [7.5, 12, 7]},
			"faces": {
				"north": {"uv": [0, 2, 4.5, 2.75], "texture": "#0"},
				"east": {"uv": [7.25, 7.5, 8, 8.25], "texture": "#0"},
				"south": {"uv": [0, 2.75, 4.5, 3.5], "texture": "#0"},
				"west": {"uv": [0, 7.75, 0.75, 8.5], "texture": "#0"},
				"up": {"uv": [4.5, 4.25, 0, 3.5], "texture": "#0"},
				"down": {"uv": [4.5, 4.25, 0, 5], "texture": "#0"}
			}
		},
		{
			"from": [-15.5, 12.75, 7.25],
			"to": [-15.25, 13, 8.75],
			"rotation": {"angle": 0, "axis": "y", "origin": [-0.75, 11, 7]},
			"faces": {
				"north": {"uv": [9.75, 6.5, 10, 6.75], "texture": "#0"},
				"east": {"uv": [9.25, 6.25, 9.75, 6.5], "texture": "#0"},
				"south": {"uv": [6.75, 9.75, 7, 10], "texture": "#0"},
				"west": {"uv": [9.25, 6.5, 9.75, 6.75], "texture": "#0"},
				"up": {"uv": [7, 9.75, 6.75, 9.25], "texture": "#0"},
				"down": {"uv": [7.5, 9.25, 7.25, 9.75], "texture": "#0"}
			}
		},
		{
			"from": [-15.5, 12.75, 8.75],
			"to": [-15.25, 14.75, 9],
			"rotation": {"angle": 0, "axis": "x", "origin": [-0.75, 14.75, 7]},
			"faces": {
				"north": {"uv": [7.5, 9.25, 7.75, 9.75], "texture": "#0"},
				"east": {"uv": [7.75, 9.25, 8, 9.75], "texture": "#0"},
				"south": {"uv": [9.25, 8, 9.5, 8.5], "texture": "#0"},
				"west": {"uv": [9.25, 8.5, 9.5, 9], "texture": "#0"},
				"up": {"uv": [10, 7, 9.75, 6.75], "texture": "#0"},
				"down": {"uv": [7.25, 9.75, 7, 10], "texture": "#0"}
			}
		},
		{
			"from": [-15.5, 12.75, 7],
			"to": [-15.25, 14.75, 7.25],
			"rotation": {"angle": 0, "axis": "y", "origin": [-0.75, 14.75, 5.25]},
			"faces": {
				"north": {"uv": [9.25, 9, 9.5, 9.5], "texture": "#0"},
				"east": {"uv": [9.5, 1, 9.75, 1.5], "texture": "#0"},
				"south": {"uv": [9.5, 1.5, 9.75, 2], "texture": "#0"},
				"west": {"uv": [9.5, 2, 9.75, 2.5], "texture": "#0"},
				"up": {"uv": [7.5, 10, 7.25, 9.75], "texture": "#0"},
				"down": {"uv": [10, 7.25, 9.75, 7.5], "texture": "#0"}
			}
		},
		{
			"from": [-15.5, 14.5, 7.25],
			"to": [-15.25, 14.75, 8.75],
			"rotation": {"angle": 0, "axis": "y", "origin": [-0.75, 12.75, 7]},
			"faces": {
				"north": {"uv": [7.5, 9.75, 7.75, 10], "texture": "#0"},
				"east": {"uv": [9.25, 6.75, 9.75, 7], "texture": "#0"},
				"south": {"uv": [9.75, 7.5, 10, 7.75], "texture": "#0"},
				"west": {"uv": [4.25, 9.5, 4.75, 9.75], "texture": "#0"},
				"up": {"uv": [5, 10, 4.75, 9.5], "texture": "#0"},
				"down": {"uv": [5.25, 9.5, 5, 10], "texture": "#0"}
			}
		},
		{
			"from": [-15.25, 12.75, 7],
			"to": [16.25, 14.75, 9],
			"rotation": {"angle": 0, "axis": "y", "origin": [0.5, 12.75, 7]},
			"faces": {
				"north": {"uv": [0, 0, 8, 0.5], "texture": "#0"},
				"east": {"uv": [6.5, 8.75, 7, 9.25], "texture": "#0"},
				"south": {"uv": [0, 0.5, 8, 1], "texture": "#0"},
				"west": {"uv": [8.75, 6.5, 9.25, 7], "texture": "#0"},
				"up": {"uv": [8, 1.5, 0, 1], "texture": "#0"},
				"down": {"uv": [8, 1.5, 0, 2], "texture": "#0"}
			}
		},
		{
			"from": [15.25, 16.25, 7.75],
			"to": [15.75, 16.75, 8.25],
			"rotation": {"angle": -22.5, "axis": "z", "origin": [11.5, 14.5, 9]},
			"faces": {
				"north": {"uv": [7.75, 9.75, 8, 10], "texture": "#0"},
				"east": {"uv": [9.75, 7.75, 10, 8], "texture": "#0"},
				"south": {"uv": [8, 9.75, 8.25, 10], "texture": "#0"},
				"west": {"uv": [8.25, 9.75, 8.5, 10], "texture": "#0"},
				"up": {"uv": [8.75, 10, 8.5, 9.75], "texture": "#0"},
				"down": {"uv": [9, 9.75, 8.75, 10], "texture": "#0"}
			}
		},
		{
			"from": [-15.5, 14.75, 7.75],
			"to": [-14.5, 15, 8.25],
			"rotation": {"angle": 0, "axis": "z", "origin": [-18.5, 12.75, 9]},
			"faces": {
				"north": {"uv": [9, 9.75, 9.25, 10], "texture": "#0"},
				"east": {"uv": [9.25, 9.75, 9.5, 10], "texture": "#0"},
				"south": {"uv": [9.5, 9.75, 9.75, 10], "texture": "#0"},
				"west": {"uv": [9.75, 9.5, 10, 9.75], "texture": "#0"},
				"up": {"uv": [10, 10, 9.75, 9.75], "texture": "#0"},
				"down": {"uv": [0.25, 10, 0, 10.25], "texture": "#0"}
			}
		},
		{
			"from": [-15.5, 15, 7.75],
			"to": [-15, 15.25, 8.25],
			"rotation": {"angle": 0, "axis": "y", "origin": [-18.5, 12.75, 9]},
			"faces": {
				"north": {"uv": [10, 0, 10.25, 0.25], "texture": "#0"},
				"east": {"uv": [0.25, 10, 0.5, 10.25], "texture": "#0"},
				"south": {"uv": [10, 0.25, 10.25, 0.5], "texture": "#0"},
				"west": {"uv": [0.5, 10, 0.75, 10.25], "texture": "#0"},
				"up": {"uv": [10.25, 0.75, 10, 0.5], "texture": "#0"},
				"down": {"uv": [1, 10, 0.75, 10.25], "texture": "#0"}
			}
		},
		{
			"from": [17.88753, 11.49262, 6.49],
			"to": [19.15753, 12.76262, 9.51],
			"rotation": {"angle": 22.5, "axis": "z", "origin": [17.89753, 11.50262, 7.25]},
			"faces": {
				"north": {"uv": [10, 0.75, 10.25, 1], "texture": "#0"},
				"east": {"uv": [1.75, 6.75, 2.5, 7], "texture": "#0"},
				"south": {"uv": [1, 10, 1.25, 10.25], "texture": "#0"},
				"west": {"uv": [0, 9, 0.75, 9.25], "texture": "#0"},
				"up": {"uv": [1, 9.75, 0.75, 9], "texture": "#0"},
				"down": {"uv": [1.25, 9, 1, 9.75], "texture": "#0"}
			}
		},
		{
			"from": [18.12753, 11.73262, 6.48],
			"to": [18.91753, 12.52262, 9.52],
			"rotation": {"angle": 22.5, "axis": "z", "origin": [17.89753, 11.50262, 7.25]},
			"faces": {
				"north": {"uv": [10, 0.75, 10.25, 1], "texture": "#0"},
				"east": {"uv": [1.75, 6.75, 2.5, 7], "texture": "#0"},
				"south": {"uv": [1, 10, 1.25, 10.25], "texture": "#0"},
				"west": {"uv": [0, 9, 0.75, 9.25], "texture": "#0"},
				"up": {"uv": [1, 9.75, 0.75, 9], "texture": "#0"},
				"down": {"uv": [1.25, 9, 1, 9.75], "texture": "#0"}
			}
		},
		{
			"from": [16.13743, 12.49252, 5.9899],
			"to": [16.90763, 13.26272, 6.2601],
			"rotation": {"angle": 45, "axis": "z", "origin": [15.89753, 12.25262, 7]},
			"faces": {
				"north": {"uv": [1.25, 10, 1.5, 10.25], "texture": "#0"},
				"east": {"uv": [1.5, 10, 1.75, 10.25], "texture": "#0"},
				"south": {"uv": [1.75, 10, 2, 10.25], "texture": "#0"},
				"west": {"uv": [2, 10, 2.25, 10.25], "texture": "#0"},
				"up": {"uv": [2.5, 10.25, 2.25, 10], "texture": "#0"},
				"down": {"uv": [2.75, 10, 2.5, 10.25], "texture": "#0"}
			}
		},
		{
			"from": [16.28753, 12.64262, 5.89],
			"to": [16.75753, 13.11262, 6.11],
			"rotation": {"angle": 45, "axis": "z", "origin": [15.89753, 12.25262, 7]},
			"faces": {
				"north": {"uv": [2.75, 10, 3, 10.25], "texture": "#0"},
				"east": {"uv": [3, 10, 3.25, 10.25], "texture": "#0"},
				"south": {"uv": [10, 3, 10.25, 3.25], "texture": "#0"},
				"west": {"uv": [3.25, 10, 3.5, 10.25], "texture": "#0"},
				"up": {"uv": [10.25, 3.5, 10, 3.25], "texture": "#0"},
				"down": {"uv": [3.75, 10, 3.5, 10.25], "texture": "#0"}
			}
		},
		{
			"from": [13.63743, 12.49252, 6.2399],
			"to": [14.40763, 13.26272, 6.5101],
			"rotation": {"angle": 45, "axis": "z", "origin": [13.39753, 12.25262, 7]},
			"faces": {
				"north": {"uv": [10, 3.5, 10.25, 3.75], "texture": "#0"},
				"east": {"uv": [3.75, 10, 4, 10.25], "texture": "#0"},
				"south": {"uv": [4, 10, 4.25, 10.25], "texture": "#0"},
				"west": {"uv": [4.25, 10, 4.5, 10.25], "texture": "#0"},
				"up": {"uv": [10.25, 4.5, 10, 4.25], "texture": "#0"},
				"down": {"uv": [4.75, 10, 4.5, 10.25], "texture": "#0"}
			}
		},
		{
			"from": [13.78753, 12.64262, 6.14],
			"to": [14.25753, 13.11262, 6.36],
			"rotation": {"angle": 45, "axis": "z", "origin": [13.39753, 12.25262, 6.75]},
			"faces": {
				"north": {"uv": [10, 4.5, 10.25, 4.75], "texture": "#0"},
				"east": {"uv": [4.75, 10, 5, 10.25], "texture": "#0"},
				"south": {"uv": [10, 4.75, 10.25, 5], "texture": "#0"},
				"west": {"uv": [5, 10, 5.25, 10.25], "texture": "#0"},
				"up": {"uv": [10.25, 5.25, 10, 5], "texture": "#0"},
				"down": {"uv": [5.5, 10, 5.25, 10.25], "texture": "#0"}
			}
		},
		{
			"from": [13.13753, 13.24262, 6.24],
			"to": [13.40753, 14.76262, 6.51],
			"rotation": {"angle": -22.5, "axis": "z", "origin": [13.64753, 12.75262, 7]},
			"faces": {
				"north": {"uv": [5.25, 9.5, 5.5, 10], "texture": "#0"},
				"east": {"uv": [5.5, 9.5, 5.75, 10], "texture": "#0"},
				"south": {"uv": [5.75, 9.5, 6, 10], "texture": "#0"},
				"west": {"uv": [6, 9.5, 6.25, 10], "texture": "#0"},
				"up": {"uv": [10.25, 5.5, 10, 5.25], "texture": "#0"},
				"down": {"uv": [5.75, 10, 5.5, 10.25], "texture": "#0"}
			}
		},
		{
			"from": [14.20018, 15.01369, 6.239],
			"to": [14.47218, 15.78569, 6.511],
			"rotation": {"angle": 45, "axis": "z", "origin": [14.71118, 14.52469, 7]},
			"faces": {
				"north": {"uv": [10, 5.5, 10.25, 5.75], "texture": "#0"},
				"east": {"uv": [5.75, 10, 6, 10.25], "texture": "#0"},
				"south": {"uv": [10, 5.75, 10.25, 6], "texture": "#0"},
				"west": {"uv": [6, 10, 6.25, 10.25], "texture": "#0"},
				"up": {"uv": [6.5, 10.25, 6.25, 10], "texture": "#0"},
				"down": {"uv": [10.25, 6.25, 10, 6.5], "texture": "#0"}
			}
		},
		{
			"from": [16.13763, 12.99272, 6.2401],
			"to": [18.15743, 13.51252, 6.5099],
			"rotation": {"angle": 45, "axis": "z", "origin": [15.89753, 12.75262, 7]},
			"faces": {
				"north": {"uv": [6.25, 9.5, 6.75, 9.75], "texture": "#0"},
				"east": {"uv": [6.5, 10, 6.75, 10.25], "texture": "#0"},
				"south": {"uv": [9.5, 8, 10, 8.25], "texture": "#0"},
				"west": {"uv": [10, 6.5, 10.25, 6.75], "texture": "#0"},
				"up": {"uv": [10, 8.5, 9.5, 8.25], "texture": "#0"},
				"down": {"uv": [10, 8.5, 9.5, 8.75], "texture": "#0"}
			}
		},
		{
			"from": [18.63753, 12.99262, 6.24],
			"to": [18.90753, 13.26262, 6.51],
			"rotation": {"angle": 45, "axis": "z", "origin": [15.89753, 12.75262, 7]},
			"faces": {
				"north": {"uv": [6.75, 10, 7, 10.25], "texture": "#0"},
				"east": {"uv": [10, 6.75, 10.25, 7], "texture": "#0"},
				"south": {"uv": [7, 10, 7.25, 10.25], "texture": "#0"},
				"west": {"uv": [10, 7, 10.25, 7.25], "texture": "#0"},
				"up": {"uv": [7.5, 10.25, 7.25, 10], "texture": "#0"},
				"down": {"uv": [10.25, 7.25, 10, 7.5], "texture": "#0"}
			}
		},
		{
			"from": [18.38753, 12.99262, 6.24],
			"to": [18.65753, 13.51262, 6.51],
			"rotation": {"angle": 45, "axis": "z", "origin": [15.89753, 12.75262, 7]},
			"faces": {
				"north": {"uv": [7.5, 10, 7.75, 10.25], "texture": "#0"},
				"east": {"uv": [10, 7.5, 10.25, 7.75], "texture": "#0"},
				"south": {"uv": [7.75, 10, 8, 10.25], "texture": "#0"},
				"west": {"uv": [10, 7.75, 10.25, 8], "texture": "#0"},
				"up": {"uv": [8.25, 10.25, 8, 10], "texture": "#0"},
				"down": {"uv": [10.25, 8, 10, 8.25], "texture": "#0"}
			}
		},
		{
			"from": [18.11753, 12.97262, 6.22],
			"to": [18.42753, 14.03262, 6.53],
			"rotation": {"angle": 45, "axis": "z", "origin": [15.89753, 12.75262, 7]},
			"faces": {
				"north": {"uv": [8.25, 10, 8.5, 10.25], "texture": "#0"},
				"east": {"uv": [10, 8.25, 10.25, 8.5], "texture": "#0"},
				"south": {"uv": [8.5, 10, 8.75, 10.25], "texture": "#0"},
				"west": {"uv": [10, 8.5, 10.25, 8.75], "texture": "#0"},
				"up": {"uv": [9, 10.25, 8.75, 10], "texture": "#0"},
				"down": {"uv": [10.25, 8.75, 10, 9], "texture": "#0"}
			}
		},
		{
			"from": [18.13653, 12.99162, 6.239],
			"to": [18.40853, 14.26362, 6.511],
			"rotation": {"angle": 45, "axis": "z", "origin": [15.89753, 12.75262, 7]},
			"faces": {
				"north": {"uv": [8.25, 10, 8.5, 10.25], "texture": "#0"},
				"east": {"uv": [10, 8.25, 10.25, 8.5], "texture": "#0"},
				"south": {"uv": [8.5, 10, 8.75, 10.25], "texture": "#0"},
				"west": {"uv": [10, 8.5, 10.25, 8.75], "texture": "#0"},
				"up": {"uv": [9, 10.25, 8.75, 10], "texture": "#0"},
				"down": {"uv": [10.25, 8.75, 10, 9], "texture": "#0"}
			}
		},
		{
			"from": [15.88743, 12.24252, 6.2399],
			"to": [17.15763, 13.51272, 9.5101],
			"rotation": {"angle": 45, "axis": "z", "origin": [15.89753, 12.25262, 7.25]},
			"faces": {
				"north": {"uv": [9, 10, 9.25, 10.25], "texture": "#0"},
				"east": {"uv": [1.25, 9, 2, 9.25], "texture": "#0"},
				"south": {"uv": [10, 9, 10.25, 9.25], "texture": "#0"},
				"west": {"uv": [2, 9, 2.75, 9.25], "texture": "#0"},
				"up": {"uv": [3, 9.75, 2.75, 9], "texture": "#0"},
				"down": {"uv": [3.25, 9, 3, 9.75], "texture": "#0"}
			}
		},
		{
			"from": [10.10523, 12.39938, 6.601],
			"to": [11.17543, 13.46958, 9.4212],
			"rotation": {"angle": 45, "axis": "z", "origin": [10.01533, 12.30948, 7.2611]},
			"faces": {
				"north": {"uv": [9, 10, 9.25, 10.25], "texture": "#0"},
				"east": {"uv": [1.25, 9, 2, 9.25], "texture": "#0"},
				"south": {"uv": [10, 9, 10.25, 9.25], "texture": "#0"},
				"west": {"uv": [2, 9, 2.75, 9.25], "texture": "#0"},
				"up": {"uv": [3, 9.75, 2.75, 9], "texture": "#0"},
				"down": {"uv": [3.25, 9, 3, 9.75], "texture": "#0"}
			}
		},
		{
			"from": [10.24523, 12.53938, 6.491],
			"to": [11.03543, 13.32958, 9.5312],
			"rotation": {"angle": 45, "axis": "z", "origin": [10.01533, 12.30948, 7.2611]},
			"faces": {
				"north": {"uv": [9, 10, 9.25, 10.25], "texture": "#0"},
				"east": {"uv": [1.25, 9, 2, 9.25], "texture": "#0"},
				"south": {"uv": [10, 9, 10.25, 9.25], "texture": "#0"},
				"west": {"uv": [2, 9, 2.75, 9.25], "texture": "#0"},
				"up": {"uv": [3, 9.75, 2.75, 9], "texture": "#0"},
				"down": {"uv": [3.25, 9, 3, 9.75], "texture": "#0"}
			}
		},
		{
			"from": [16.03743, 12.39252, 9.1399],
			"to": [17.00763, 13.36272, 9.6101],
			"rotation": {"angle": 45, "axis": "z", "origin": [15.89753, 12.25262, 7.5]},
			"faces": {
				"north": {"uv": [9, 10, 9.25, 10.25], "texture": "#0"},
				"east": {"uv": [1.25, 9, 2, 9.25], "texture": "#0"},
				"south": {"uv": [10, 9, 10.25, 9.25], "texture": "#0"},
				"west": {"uv": [2, 9, 2.75, 9.25], "texture": "#0"},
				"up": {"uv": [3, 9.75, 2.75, 9], "texture": "#0"},
				"down": {"uv": [3.25, 9, 3, 9.75], "texture": "#0"}
			}
		},
		{
			"from": [15.4999, 11.4999, 6.4999],
			"to": [18.0001, 13.2501, 9.5001],
			"rotation": {"angle": -22.5, "axis": "z", "origin": [18, 11.75, 7.25]},
			"faces": {
				"north": {"uv": [1.5, 8.5, 2.25, 9], "texture": "#0"},
				"east": {"uv": [2.25, 8.5, 3, 9], "texture": "#0"},
				"south": {"uv": [8.5, 2.5, 9.25, 3], "texture": "#0"},
				"west": {"uv": [3, 8.5, 3.75, 9], "texture": "#0"},
				"up": {"uv": [1.5, 8.5, 0.75, 7.75], "texture": "#0"},
				"down": {"uv": [2.25, 7.75, 1.5, 8.5], "texture": "#0"}
			}
		},
		{
			"from": [10.00533, 13.08353, 9.491],
			"to": [16.02333, 13.60153, 9.511],
			"rotation": {"angle": 0, "axis": "z", "origin": [16.26433, 13.59253, 10.75]},
			"faces": {
				"north": {"uv": [8.5, 3, 10, 3.25], "texture": "#0"},
				"east": {"uv": [9.25, 10, 9.5, 10.25], "texture": "#0"},
				"south": {"uv": [8.5, 3.25, 10, 3.5], "texture": "#0"},
				"west": {"uv": [10, 9.25, 10.25, 9.5], "texture": "#0"},
				"up": {"uv": [10, 3.75, 8.5, 3.5], "texture": "#0"},
				"down": {"uv": [5.25, 8.5, 3.75, 8.75], "texture": "#0"}
			}
		},
		{
			"from": [10.51533, 13.09353, 6.251],
			"to": [16.26333, 13.59153, 6.499],
			"rotation": {"angle": 0, "axis": "y", "origin": [16.26433, 13.59253, 7.25]},
			"faces": {
				"north": {"uv": [8.5, 3, 10, 3.25], "texture": "#0"},
				"east": {"uv": [9.25, 10, 9.5, 10.25], "texture": "#0"},
				"south": {"uv": [8.5, 3.25, 10, 3.5], "texture": "#0"},
				"west": {"uv": [10, 9.25, 10.25, 9.5], "texture": "#0"},
				"up": {"uv": [10, 3.75, 8.5, 3.5], "texture": "#0"},
				"down": {"uv": [5.25, 8.5, 3.75, 8.75], "texture": "#0"}
			}
		},
		{
			"from": [10.01533, 12.34353, 6.501],
			"to": [16.26333, 14.09153, 9.499],
			"rotation": {"angle": 0, "axis": "y", "origin": [16.26433, 12.59253, 7.25]},
			"faces": {
				"north": {"uv": [7, 5.5, 8.5, 6], "texture": "#0"},
				"east": {"uv": [8.5, 3.75, 9.25, 4.25], "texture": "#0"},
				"south": {"uv": [6.5, 7, 8, 7.5], "texture": "#0"},
				"west": {"uv": [5.25, 8.5, 6, 9], "texture": "#0"},
				"up": {"uv": [1.5, 6.75, 0, 6], "texture": "#0"},
				"down": {"uv": [3, 6, 1.5, 6.75], "texture": "#0"}
			}
		},
		{
			"from": [-12.12, 11.63, 7.63],
			"to": [-9.38, 12.37, 8.37],
			"rotation": {"angle": 0, "axis": "y", "origin": [-12.5, 11, 7]},
			"faces": {
				"north": {"uv": [5.25, 9, 6, 9.25], "texture": "#0"},
				"east": {"uv": [9.5, 10, 9.75, 10.25], "texture": "#0"},
				"south": {"uv": [9, 7.25, 9.75, 7.5], "texture": "#0"},
				"west": {"uv": [10, 9.5, 10.25, 9.75], "texture": "#0"},
				"up": {"uv": [9.75, 7.75, 9, 7.5], "texture": "#0"},
				"down": {"uv": [9.75, 7.75, 9, 8], "texture": "#0"}
			}
		},
		{
			"from": [-13.75, 11.5, 7.5],
			"to": [-13.5, 12.5, 8.5],
			"rotation": {"angle": 0, "axis": "y", "origin": [-14.25, 11, 7]},
			"faces": {
				"north": {"uv": [9.75, 10, 10, 10.25], "texture": "#0"},
				"east": {"uv": [10, 9.75, 10.25, 10], "texture": "#0"},
				"south": {"uv": [10, 10, 10.25, 10.25], "texture": "#0"},
				"west": {"uv": [0, 10.25, 0.25, 10.5], "texture": "#0"},
				"up": {"uv": [10.5, 0.25, 10.25, 0], "texture": "#0"},
				"down": {"uv": [0.5, 10.25, 0.25, 10.5], "texture": "#0"}
			}
		},
		{
			"from": [-13.5, 11.75, 7.75],
			"to": [-11.75, 12.25, 8.25],
			"rotation": {"angle": 0, "axis": "y", "origin": [-13.25, 11, 7]},
			"faces": {
				"north": {"uv": [9.5, 8.75, 10, 9], "texture": "#0"},
				"east": {"uv": [10.25, 0.25, 10.5, 0.5], "texture": "#0"},
				"south": {"uv": [9.5, 9, 10, 9.25], "texture": "#0"},
				"west": {"uv": [0.5, 10.25, 0.75, 10.5], "texture": "#0"},
				"up": {"uv": [9.75, 9.75, 9.25, 9.5], "texture": "#0"},
				"down": {"uv": [10, 9.25, 9.5, 9.5], "texture": "#0"}
			}
		},
		{
			"from": [16.52056, 13.58569, 7.751],
			"to": [22.51856, 14.08369, 8.249],
			"rotation": {"angle": -22.5, "axis": "z", "origin": [11.01956, 13.83469, 7]},
			"faces": {
				"north": {"uv": [8.5, 4.25, 10, 4.5], "texture": "#0"},
				"east": {"uv": [10.25, 0.5, 10.5, 0.75], "texture": "#0"},
				"south": {"uv": [8.5, 5.5, 10, 5.75], "texture": "#0"},
				"west": {"uv": [0.75, 10.25, 1, 10.5], "texture": "#0"},
				"up": {"uv": [10, 6, 8.5, 5.75], "texture": "#0"},
				"down": {"uv": [10, 7, 8.5, 7.25], "texture": "#0"}
			}
		},
		{
			"from": [13.6958, 10.53635, 7.75],
			"to": [14.1958, 11.78635, 8.25],
			"rotation": {"angle": 22.5, "axis": "z", "origin": [13.9458, 10.03635, 7]},
			"faces": {
				"north": {"uv": [10.25, 0.75, 10.5, 1], "texture": "#0"},
				"east": {"uv": [1, 10.25, 1.25, 10.5], "texture": "#0"},
				"south": {"uv": [10.25, 1, 10.5, 1.25], "texture": "#0"},
				"west": {"uv": [1.25, 10.25, 1.5, 10.5], "texture": "#0"},
				"up": {"uv": [10.5, 1.5, 10.25, 1.25], "texture": "#0"},
				"down": {"uv": [1.75, 10.25, 1.5, 10.5], "texture": "#0"}
			}
		},
		{
			"from": [16.4457, 12.03625, 7.7499],
			"to": [16.6959, 12.78645, 8.2501],
			"rotation": {"angle": 45, "axis": "z", "origin": [16.6958, 10.28635, 6.75]},
			"faces": {
				"north": {"uv": [10.25, 1.5, 10.5, 1.75], "texture": "#0"},
				"east": {"uv": [1.75, 10.25, 2, 10.5], "texture": "#0"},
				"south": {"uv": [10.25, 1.75, 10.5, 2], "texture": "#0"},
				"west": {"uv": [2, 10.25, 2.25, 10.5], "texture": "#0"},
				"up": {"uv": [10.5, 2.25, 10.25, 2], "texture": "#0"},
				"down": {"uv": [2.5, 10.25, 2.25, 10.5], "texture": "#0"}
			}
		},
		{
			"from": [14.9458, 12.28635, 7.75],
			"to": [15.4458, 12.53635, 8.25],
			"rotation": {"angle": 22.5, "axis": "z", "origin": [16.9458, 12.53635, 6.75]},
			"faces": {
				"north": {"uv": [10.25, 2.25, 10.5, 2.5], "texture": "#0"},
				"east": {"uv": [2.5, 10.25, 2.75, 10.5], "texture": "#0"},
				"south": {"uv": [10.25, 2.5, 10.5, 2.75], "texture": "#0"},
				"west": {"uv": [2.75, 10.25, 3, 10.5], "texture": "#0"},
				"up": {"uv": [10.5, 3, 10.25, 2.75], "texture": "#0"},
				"down": {"uv": [3.25, 10.25, 3, 10.5], "texture": "#0"}
			}
		},
		{
			"from": [16.16508, 11.21409, 7.75],
			"to": [16.41508, 11.71409, 8.25],
			"rotation": {"angle": 22.5, "axis": "z", "origin": [16.41508, 9.21409, 6.75]},
			"faces": {
				"north": {"uv": [10.25, 3, 10.5, 3.25], "texture": "#0"},
				"east": {"uv": [3.25, 10.25, 3.5, 10.5], "texture": "#0"},
				"south": {"uv": [10.25, 3.25, 10.5, 3.5], "texture": "#0"},
				"west": {"uv": [3.5, 10.25, 3.75, 10.5], "texture": "#0"},
				"up": {"uv": [10.5, 3.75, 10.25, 3.5], "texture": "#0"},
				"down": {"uv": [4, 10.25, 3.75, 10.5], "texture": "#0"}
			}
		},
		{
			"from": [13.63204, 11.29418, 7.7501],
			"to": [13.88184, 11.79398, 8.2499],
			"rotation": {"angle": -45, "axis": "z", "origin": [13.88194, 9.29408, 6.75]},
			"faces": {
				"north": {"uv": [10.25, 3.75, 10.5, 4], "texture": "#0"},
				"east": {"uv": [4, 10.25, 4.25, 10.5], "texture": "#0"},
				"south": {"uv": [10.25, 4, 10.5, 4.25], "texture": "#0"},
				"west": {"uv": [4.25, 10.25, 4.5, 10.5], "texture": "#0"},
				"up": {"uv": [10.5, 4.5, 10.25, 4.25], "texture": "#0"},
				"down": {"uv": [4.75, 10.25, 4.5, 10.5], "texture": "#0"}
			}
		},
		{
			"from": [15.94561, 10.0217, 7.751],
			"to": [16.44361, 10.7697, 8.249],
			"rotation": {"angle": -22.5, "axis": "z", "origin": [16.19461, 10.0207, 7]},
			"faces": {
				"north": {"uv": [10.25, 4.5, 10.5, 4.75], "texture": "#0"},
				"east": {"uv": [4.75, 10.25, 5, 10.5], "texture": "#0"},
				"south": {"uv": [10.25, 4.75, 10.5, 5], "texture": "#0"},
				"west": {"uv": [5, 10.25, 5.25, 10.5], "texture": "#0"},
				"up": {"uv": [10.5, 5.25, 10.25, 5], "texture": "#0"},
				"down": {"uv": [5.5, 10.25, 5.25, 10.5], "texture": "#0"}
			}
		},
		{
			"from": [16.21228, 10.6164, 7.75],
			"to": [16.71228, 11.6164, 8.25],
			"rotation": {"angle": 0, "axis": "z", "origin": [16.46228, 10.8664, 7]},
			"faces": {
				"north": {"uv": [10.25, 5.25, 10.5, 5.5], "texture": "#0"},
				"east": {"uv": [5.5, 10.25, 5.75, 10.5], "texture": "#0"},
				"south": {"uv": [10.25, 5.5, 10.5, 5.75], "texture": "#0"},
				"west": {"uv": [5.75, 10.25, 6, 10.5], "texture": "#0"},
				"up": {"uv": [10.5, 6, 10.25, 5.75], "texture": "#0"},
				"down": {"uv": [6.25, 10.25, 6, 10.5], "texture": "#0"}
			}
		},
		{
			"from": [13.48619, 9.71566, 7.751],
			"to": [14.73419, 10.21366, 8.249],
			"rotation": {"angle": -22.5, "axis": "z", "origin": [15.23519, 9.96466, 7]},
			"faces": {
				"north": {"uv": [10.25, 6, 10.5, 6.25], "texture": "#0"},
				"east": {"uv": [6.25, 10.25, 6.5, 10.5], "texture": "#0"},
				"south": {"uv": [10.25, 6.25, 10.5, 6.5], "texture": "#0"},
				"west": {"uv": [6.5, 10.25, 6.75, 10.5], "texture": "#0"},
				"up": {"uv": [10.5, 6.75, 10.25, 6.5], "texture": "#0"},
				"down": {"uv": [7, 10.25, 6.75, 10.5], "texture": "#0"}
			}
		},
		{
			"from": [14.67604, 9.92533, 7.75],
			"to": [16.42604, 10.42533, 8.25],
			"rotation": {"angle": 0, "axis": "z", "origin": [16.42604, 10.17533, 7]},
			"faces": {
				"north": {"uv": [0.75, 9.75, 1.25, 10], "texture": "#0"},
				"east": {"uv": [10.25, 6.75, 10.5, 7], "texture": "#0"},
				"south": {"uv": [9.75, 1, 10.25, 1.25], "texture": "#0"},
				"west": {"uv": [7, 10.25, 7.25, 10.5], "texture": "#0"},
				"up": {"uv": [10.25, 1.5, 9.75, 1.25], "texture": "#0"},
				"down": {"uv": [10.25, 1.5, 9.75, 1.75], "texture": "#0"}
			}
		},
		{
			"from": [11.75854, 11.4995, 7.751],
			"to": [13.50654, 11.9975, 8.249],
			"rotation": {"angle": 0, "axis": "y", "origin": [3.50754, 11.7485, 7]},
			"faces": {
				"north": {"uv": [9.75, 1.75, 10.25, 2], "texture": "#0"},
				"east": {"uv": [10.25, 7, 10.5, 7.25], "texture": "#0"},
				"south": {"uv": [9.75, 2, 10.25, 2.25], "texture": "#0"},
				"west": {"uv": [7.25, 10.25, 7.5, 10.5], "texture": "#0"},
				"up": {"uv": [10.25, 2.5, 9.75, 2.25], "texture": "#0"},
				"down": {"uv": [10.25, 2.5, 9.75, 2.75], "texture": "#0"}
			}
		},
		{
			"from": [12.86754, 14.6085, 7.86],
			"to": [14.14754, 14.8885, 8.14],
			"rotation": {"angle": -22.5, "axis": "z", "origin": [4.50754, 14.4985, 7]},
			"faces": {
				"north": {"uv": [10.25, 7.25, 10.5, 7.5], "texture": "#0"},
				"east": {"uv": [7.5, 10.25, 7.75, 10.5], "texture": "#0"},
				"south": {"uv": [10.25, 7.5, 10.5, 7.75], "texture": "#0"},
				"west": {"uv": [7.75, 10.25, 8, 10.5], "texture": "#0"},
				"up": {"uv": [10.5, 8, 10.25, 7.75], "texture": "#0"},
				"down": {"uv": [8.25, 10.25, 8, 10.5], "texture": "#0"}
			}
		},
		{
			"from": [10.86754, 14.8585, 7.86],
			"to": [11.89754, 15.3885, 8.14],
			"rotation": {"angle": -22.5, "axis": "z", "origin": [2.75754, 14.7485, 7]},
			"faces": {
				"north": {"uv": [10.25, 8, 10.5, 8.25], "texture": "#0"},
				"east": {"uv": [8.25, 10.25, 8.5, 10.5], "texture": "#0"},
				"south": {"uv": [10.25, 8.25, 10.5, 8.5], "texture": "#0"},
				"west": {"uv": [8.5, 10.25, 8.75, 10.5], "texture": "#0"},
				"up": {"uv": [10.5, 8.75, 10.25, 8.5], "texture": "#0"},
				"down": {"uv": [9, 10.25, 8.75, 10.5], "texture": "#0"}
			}
		},
		{
			"from": [11.10754, 11.3485, 7.85],
			"to": [13.40754, 11.8985, 8.15],
			"rotation": {"angle": 0, "axis": "y", "origin": [2.75754, 11.2485, 7]},
			"faces": {
				"north": {"uv": [2.75, 9.75, 3.25, 10], "texture": "#0"},
				"east": {"uv": [10.25, 8.75, 10.5, 9], "texture": "#0"},
				"south": {"uv": [9.75, 2.75, 10.25, 3], "texture": "#0"},
				"west": {"uv": [9, 10.25, 9.25, 10.5], "texture": "#0"},
				"up": {"uv": [3.75, 10, 3.25, 9.75], "texture": "#0"},
				"down": {"uv": [10.25, 3.75, 9.75, 4], "texture": "#0"}
			}
		},
		{
			"from": [-1.61, 11.64, 6.64],
			"to": [-0.89, 14.86, 9.36],
			"faces": {
				"north": {"uv": [3.25, 9, 3.5, 9.75], "texture": "#0"},
				"east": {"uv": [2.25, 7.75, 3, 8.5], "texture": "#0"},
				"south": {"uv": [3.5, 9, 3.75, 9.75], "texture": "#0"},
				"west": {"uv": [3, 7.75, 3.75, 8.5], "texture": "#0"},
				"up": {"uv": [8.25, 9.75, 8, 9], "texture": "#0"},
				"down": {"uv": [8.5, 9, 8.25, 9.75], "texture": "#0"}
			}
		},
		{
			"from": [-10.11, 11.64, 6.64],
			"to": [-9.64, 14.86, 9.36],
			"rotation": {"angle": 0, "axis": "z", "origin": [-8.75, 0, 0]},
			"faces": {
				"north": {"uv": [8.5, 9, 8.75, 9.75], "texture": "#0"},
				"east": {"uv": [3.75, 7.75, 4.5, 8.5], "texture": "#0"},
				"south": {"uv": [8.75, 9, 9, 9.75], "texture": "#0"},
				"west": {"uv": [4.5, 7.75, 5.25, 8.5], "texture": "#0"},
				"up": {"uv": [9.25, 9.75, 9, 9], "texture": "#0"},
				"down": {"uv": [0.25, 9.25, 0, 10], "texture": "#0"}
			}
		},
		{
			"from": [-11.13, 11.65, 6.65],
			"to": [-8.68, 13.1, 9.35],
			"rotation": {"angle": 0, "axis": "y", "origin": [-9.78, -1, 0]},
			"faces": {
				"north": {"uv": [9.75, 4, 10.25, 4.25], "texture": "#0"},
				"east": {"uv": [9.25, 0, 10, 0.25], "texture": "#0"},
				"south": {"uv": [4.25, 9.75, 4.75, 10], "texture": "#0"},
				"west": {"uv": [9.25, 0.25, 10, 0.5], "texture": "#0"},
				"up": {"uv": [6.5, 9.25, 6, 8.5], "texture": "#0"},
				"down": {"uv": [9, 7.25, 8.5, 8], "texture": "#0"}
			}
		},
		{
			"from": [-11.13, 13.1, 6.65],
			"to": [-9.93, 14.05, 9.35],
			"rotation": {"angle": 0, "axis": "y", "origin": [-9.78, 0.45, 0]},
			"faces": {
				"north": {"uv": [10.25, 9, 10.5, 9.25], "texture": "#0"},
				"east": {"uv": [9.25, 0.5, 10, 0.75], "texture": "#0"},
				"south": {"uv": [9.25, 10.25, 9.5, 10.5], "texture": "#0"},
				"west": {"uv": [9.25, 0.75, 10, 1], "texture": "#0"},
				"up": {"uv": [0.5, 10, 0.25, 9.25], "texture": "#0"},
				"down": {"uv": [0.75, 9.25, 0.5, 10], "texture": "#0"}
			}
		},
		{
			"from": [-11.86, 11.64, 6.64],
			"to": [-11.14, 14.86, 9.36],
			"rotation": {"angle": 0, "axis": "y", "origin": [-9.75, 0, 0]},
			"faces": {
				"north": {"uv": [9.25, 1, 9.5, 1.75], "texture": "#0"},
				"east": {"uv": [5.25, 7.75, 6, 8.5], "texture": "#0"},
				"south": {"uv": [1.25, 9.25, 1.5, 10], "texture": "#0"},
				"west": {"uv": [6, 7.75, 6.75, 8.5], "texture": "#0"},
				"up": {"uv": [1.75, 10, 1.5, 9.25], "texture": "#0"},
				"down": {"uv": [2, 9.25, 1.75, 10], "texture": "#0"}
			}
		},
		{
			"from": [-13.08, 12.39, 6.64],
			"to": [-11.86, 14.86, 9.36],
			"rotation": {"angle": 0, "axis": "y", "origin": [-10.47, 0, 0]},
			"faces": {
				"north": {"uv": [9.75, 4.5, 10, 5], "texture": "#0"},
				"east": {"uv": [8.5, 8, 9.25, 8.5], "texture": "#0"},
				"south": {"uv": [9.75, 5, 10, 5.5], "texture": "#0"},
				"west": {"uv": [8.5, 8.5, 9.25, 9], "texture": "#0"},
				"up": {"uv": [9.5, 2.5, 9.25, 1.75], "texture": "#0"},
				"down": {"uv": [2.25, 9.25, 2, 10], "texture": "#0"}
			}
		},
		{
			"from": [6.64, 11.64, 6.64],
			"to": [7.36, 14.86, 9.36],
			"rotation": {"angle": 0, "axis": "y", "origin": [8.25, 0, 0]},
			"faces": {
				"north": {"uv": [2.25, 9.25, 2.5, 10], "texture": "#0"},
				"east": {"uv": [8, 0, 8.75, 0.75], "texture": "#0"},
				"south": {"uv": [2.5, 9.25, 2.75, 10], "texture": "#0"},
				"west": {"uv": [8, 0.75, 8.75, 1.5], "texture": "#0"},
				"up": {"uv": [4, 10, 3.75, 9.25], "texture": "#0"},
				"down": {"uv": [4.25, 9.25, 4, 10], "texture": "#0"}
			}
		},
		{
			"from": [30.15534, 12.76063, 7.5],
			"to": [30.40554, 13.51083, 8.5002],
			"rotation": {"angle": 0, "axis": "y", "origin": [14.65544, 14.01073, 7.0001]},
			"faces": {
				"north": {"uv": [10.25, 9.25, 10.5, 9.5], "texture": "#0"},
				"east": {"uv": [9.5, 10.25, 9.75, 10.5], "texture": "#0"},
				"south": {"uv": [10.25, 9.5, 10.5, 9.75], "texture": "#0"},
				"west": {"uv": [9.75, 10.25, 10, 10.5], "texture": "#0"},
				"up": {"uv": [10.5, 10, 10.25, 9.75], "texture": "#0"},
				"down": {"uv": [10.25, 10.25, 10, 10.5], "texture": "#0"}
			}
		},
		{
			"from": [30.1816, 14.42581, 7.5],
			"to": [31.6816, 18.17581, 8.5],
			"rotation": {"angle": -22.5, "axis": "z", "origin": [17.4316, 18.67581, 7]},
			"faces": {
				"north": {"uv": [8.25, 6, 8.75, 7], "texture": "#0"},
				"east": {"uv": [7.75, 8.25, 8, 9.25], "texture": "#0"},
				"south": {"uv": [7.25, 8.25, 7.75, 9.25], "texture": "#0"},
				"west": {"uv": [7, 8.75, 7.25, 9.75], "texture": "#0"},
				"up": {"uv": [10.25, 6.25, 9.75, 6], "texture": "#0"},
				"down": {"uv": [6.75, 9.75, 6.25, 10], "texture": "#0"}
			}
		}
	],
	"display": {
		"thirdperson_righthand": {
			"rotation": [0, -90, -90],
			"translation": [0, 5.5, -1.25],
			"scale": [0.74, 0.6, 0.6]
		},
		"thirdperson_lefthand": {
			"rotation": [0, 90, 90],
			"translation": [0, 5.5, -1.25],
			"scale": [0.74, 0.6, 0.6]
		},
		"firstperson_righthand": {
			"rotation": [0, -90, 0],
			"translation": [-3.75, 0, -8.25],
			"scale": [1.1, 0.9, 0.9]
		},
		"firstperson_lefthand": {
			"rotation": [0, 90, 0],
			"translation": [-3.75, 0, -8.75],
			"scale": [1.1, 0.9, 0.9]
		}
	},
	"groups": [
		{
			"name": "Gun",
			"origin": [8, 8, 8],
			"color": 0,
			"children": [
				{
					"name": "Stock",
					"origin": [8, 8, 8],
					"color": 2,
					"children": [0, 1, 2, 3, 4, 5, 6, 7, 8, 9, 10, 11]
				},
				{
					"name": "Barrel",
					"origin": [8, 8, 8],
					"color": 9,
					"children": [12, 13, 14, 15, 16, 17, 18, 19]
				},
				{
					"name": "Mechanism",
					"origin": [8, 8, 8],
					"color": 9,
					"children": [20, 21, 22, 23, 24, 25, 26, 27, 28, 29, 30, 31, 32, 33, 34, 35, 36, 37, 38, 39, 40, 41, 42, 43]
				},
				{
					"name": "Details",
					"origin": [8, 8, 8],
					"color": 1,
					"children": [44, 45, 46, 47, 48, 49, 50, 51, 52, 53, 54, 55, 56, 57, 58, 59, 60, 61, 62, 63, 64, 65, 66]
				}
			]
		}
	]
}